invoice_id,city,customer,gender,product_line,unit_price,quantity,date,time,payment,rating
750-67-8428,Yangon,Member,Female,Health and beauty,74.69,7,1/5/2019,13:08,Ewallet,9.1
226-31-3081,Naypyitaw,Normal,Female,Electronic accessories,15.28,5,3/8/2019,10:29,Cash,9.6
631-41-3108,Yangon,Normal,Male,Home and lifestyle,46.33,7,3/3/2019,13:23,Credit card,7.4
123-19-1176,Yangon,Member,Male,Health and beauty,58.22,8,1/27/2019,20:33,Ewallet,8.4
373-73-7910,Yangon,Normal,Male,Sports and travel,86.31,7,2/8/2019,10:37,Ewallet,5.3
699-14-3026,Naypyitaw,Normal,Male,Electronic accessories,85.39,7,3/25/2019,18:30,Ewallet,4.1
355-53-5943,Yangon,Member,Female,Electronic accessories,68.84,6,2/25/2019,14:36,Ewallet,5.8
315-22-5665,Naypyitaw,Normal,Female,Home and lifestyle,73.56,10,2/24/2019,11:38,Ewallet,8
665-32-9167,Yangon,Member,Female,Health and beauty,36.26,2,1/10/2019,17:15,Credit card,7.2
692-92-5582,Mandalay,Member,Female,Food and beverages,54.84,3,2/20/2019,13:27,Credit card,5.9
351-62-0822,Mandalay,Member,Female,Fashion accessories,14.48,4,2/6/2019,18:07,Ewallet,4.5
529-56-3974,Mandalay,Member,Male,Electronic accessories,25.51,4,3/9/2019,17:03,Cash,6.8
365-64-0515,Yangon,Normal,Female,Electronic accessories,46.95,5,2/12/2019,10:25,Ewallet,7.1
252-56-2699,Yangon,Normal,Male,Food and beverages,43.19,10,2/7/2019,16:48,Ewallet,8.2
829-34-3910,Yangon,Normal,Female,Health and beauty,71.38,10,3/29/2019,19:21,Cash,5.7
299-46-1805,Mandalay,Member,Female,Sports and travel,93.72,6,1/15/2019,16:19,Cash,4.5
656-95-9349,Yangon,Member,Female,Health and beauty,68.93,7,3/11/2019,11:03,Credit card,4.6
765-26-6951,Yangon,Normal,Male,Sports and travel,72.61,6,1/1/2019,10:39,Credit card,6.9
329-62-1586,Yangon,Normal,Male,Food and beverages,54.67,3,1/21/2019,18:00,Credit card,8.6
319-50-3348,Mandalay,Normal,Female,Home and lifestyle,40.3,2,3/11/2019,15:30,Ewallet,4.4
300-71-4605,Naypyitaw,Member,Male,Electronic accessories,86.04,5,2/25/2019,11:24,Ewallet,4.8
371-85-5789,Mandalay,Normal,Male,Health and beauty,87.98,3,3/5/2019,10:40,Ewallet,5.1
273-16-6619,Mandalay,Normal,Male,Home and lifestyle,33.2,2,3/15/2019,12:20,Credit card,4.4
636-48-8204,Yangon,Normal,Male,Electronic accessories,34.56,5,2/17/2019,11:15,Ewallet,9.9
549-59-1358,Yangon,Member,Male,Sports and travel,88.63,3,3/2/2019,17:36,Ewallet,6
227-03-5010,Yangon,Member,Female,Home and lifestyle,52.59,8,3/22/2019,19:20,Credit card,8.5
649-29-6775,Mandalay,Normal,Male,Fashion accessories,33.52,1,2/8/2019,15:31,Cash,6.7
189-17-4241,Yangon,Normal,Female,Fashion accessories,87.67,2,3/10/2019,12:17,Credit card,7.7
145-94-9061,Mandalay,Normal,Female,Food and beverages,88.36,5,1/25/2019,19:48,Cash,9.6
848-62-7243,Yangon,Normal,Male,Health and beauty,24.89,9,3/15/2019,15:36,Cash,7.4
871-79-8483,Mandalay,Normal,Male,Fashion accessories,94.13,5,2/25/2019,19:39,Credit card,4.8
149-71-6266,Mandalay,Member,Male,Sports and travel,78.07,9,1/28/2019,12:43,Cash,4.5
640-49-2076,Mandalay,Normal,Male,Sports and travel,83.78,8,1/10/2019,14:49,Cash,5.1
595-11-5460,Yangon,Normal,Male,Health and beauty,96.58,2,3/15/2019,10:12,Credit card,5.1
183-56-6882,Naypyitaw,Member,Female,Food and beverages,99.42,4,2/6/2019,10:42,Ewallet,7.5
232-16-2483,Naypyitaw,Member,Female,Sports and travel,68.12,1,1/7/2019,12:28,Ewallet,6.8
129-29-8530,Yangon,Member,Male,Sports and travel,62.62,5,3/10/2019,19:15,Ewallet,7
272-65-1806,Yangon,Normal,Female,Electronic accessories,60.88,9,1/15/2019,17:17,Ewallet,4.7
333-73-7901,Naypyitaw,Normal,Female,Health and beauty,54.92,8,3/23/2019,13:24,Ewallet,7.6
777-82-7220,Mandalay,Member,Male,Home and lifestyle,30.12,8,3/3/2019,13:01,Cash,7.7
280-35-5823,Mandalay,Member,Female,Home and lifestyle,86.72,1,1/17/2019,18:45,Ewallet,7.9
554-53-8700,Naypyitaw,Member,Male,Home and lifestyle,56.11,2,2/2/2019,10:11,Cash,6.3
354-25-5821,Mandalay,Member,Female,Sports and travel,69.12,6,2/8/2019,13:03,Cash,5.6
228-96-1411,Naypyitaw,Member,Female,Food and beverages,98.7,8,3/4/2019,20:39,Cash,7.6
617-15-4209,Naypyitaw,Member,Male,Health and beauty,15.37,2,3/16/2019,19:47,Cash,7.2
132-32-9879,Mandalay,Member,Female,Electronic accessories,93.96,4,3/9/2019,18:00,Cash,9.5
370-41-7321,Mandalay,Member,Male,Health and beauty,56.69,9,2/27/2019,17:24,Credit card,8.4
727-46-3608,Mandalay,Member,Female,Food and beverages,20.01,9,2/6/2019,15:47,Ewallet,4.1
669-54-1719,Mandalay,Member,Male,Electronic accessories,18.93,6,2/10/2019,12:45,Credit card,8.1
574-22-5561,Naypyitaw,Member,Female,Fashion accessories,82.63,10,3/19/2019,17:08,Ewallet,7.9
326-78-5178,Naypyitaw,Member,Male,Food and beverages,91.4,7,2/3/2019,10:19,Cash,9.5
162-48-8011,Yangon,Member,Female,Food and beverages,44.59,5,2/10/2019,15:10,Cash,8.5
616-24-2851,Mandalay,Member,Female,Fashion accessories,17.87,4,3/22/2019,14:42,Ewallet,6.5
778-71-5554,Naypyitaw,Member,Male,Fashion accessories,15.43,1,1/25/2019,15:46,Credit card,6.1
242-55-6721,Mandalay,Normal,Male,Home and lifestyle,16.16,2,3/7/2019,11:49,Ewallet,6.5
399-46-5918,Naypyitaw,Normal,Female,Electronic accessories,85.98,8,2/28/2019,19:01,Cash,8.2
106-35-6779,Yangon,Member,Male,Home and lifestyle,44.34,2,3/27/2019,11:26,Cash,5.8
635-40-6220,Yangon,Normal,Male,Health and beauty,89.6,8,2/7/2019,11:28,Ewallet,6.6
817-48-8732,Yangon,Member,Female,Home and lifestyle,72.35,10,1/20/2019,15:55,Cash,5.4
120-06-4233,Naypyitaw,Normal,Male,Electronic accessories,30.61,6,3/12/2019,20:36,Cash,9.3
285-68-5083,Naypyitaw,Member,Female,Sports and travel,24.74,3,2/15/2019,17:47,Credit card,10
803-83-5989,Naypyitaw,Normal,Male,Home and lifestyle,55.73,6,2/24/2019,10:55,Ewallet,7
347-34-2234,Mandalay,Member,Female,Sports and travel,55.07,9,2/3/2019,13:40,Ewallet,10
199-75-8169,Yangon,Member,Male,Sports and travel,15.81,10,3/6/2019,12:27,Credit card,8.6
853-23-2453,Mandalay,Member,Male,Health and beauty,75.74,4,2/14/2019,14:35,Cash,7.6
877-22-3308,Yangon,Member,Male,Health and beauty,15.87,10,3/13/2019,16:40,Cash,5.8
838-78-4295,Naypyitaw,Normal,Female,Health and beauty,33.47,2,2/10/2019,15:43,Ewallet,6.7
109-28-2512,Mandalay,Member,Female,Fashion accessories,97.61,6,1/7/2019,15:01,Ewallet,9.9
232-11-3025,Yangon,Normal,Male,Sports and travel,78.77,10,1/24/2019,10:04,Cash,6.4
382-03-4532,Yangon,Member,Female,Health and beauty,18.33,1,2/2/2019,18:50,Cash,4.3
393-65-2792,Naypyitaw,Normal,Male,Food and beverages,89.48,10,1/6/2019,12:46,Credit card,9.6
796-12-2025,Naypyitaw,Normal,Male,Fashion accessories,62.12,10,2/11/2019,16:19,Cash,5.9
510-95-6347,Mandalay,Member,Female,Food and beverages,48.52,3,3/5/2019,18:17,Ewallet,4
841-35-6630,Naypyitaw,Normal,Female,Electronic accessories,75.91,6,3/9/2019,18:21,Cash,8.7
287-21-9091,Yangon,Normal,Male,Home and lifestyle,74.67,9,1/22/2019,10:55,Ewallet,9.4
732-94-0499,Naypyitaw,Normal,Female,Electronic accessories,41.65,10,1/13/2019,17:04,Credit card,5.4
263-10-3913,Naypyitaw,Member,Male,Fashion accessories,49.04,9,1/9/2019,14:20,Credit card,8.6
381-20-0914,Yangon,Member,Female,Fashion accessories,20.01,9,1/12/2019,15:48,Credit card,5.7
829-49-1914,Naypyitaw,Member,Female,Food and beverages,78.31,10,3/5/2019,16:24,Ewallet,6.6
756-01-7507,Naypyitaw,Normal,Female,Health and beauty,20.38,5,1/22/2019,18:56,Cash,6
870-72-4431,Naypyitaw,Normal,Female,Health and beauty,99.19,6,1/21/2019,14:42,Credit card,5.5
847-38-7188,Mandalay,Normal,Female,Food and beverages,96.68,3,1/26/2019,19:56,Ewallet,6.4
480-63-2856,Naypyitaw,Normal,Male,Food and beverages,19.25,8,1/23/2019,18:37,Ewallet,6.6
787-56-0757,Naypyitaw,Member,Female,Food and beverages,80.36,4,2/23/2019,18:45,Credit card,8.3
360-39-5055,Naypyitaw,Member,Male,Sports and travel,48.91,5,3/9/2019,10:17,Cash,6.6
730-50-9884,Naypyitaw,Normal,Female,Sports and travel,83.06,7,3/5/2019,14:31,Ewallet,4
362-58-8315,Naypyitaw,Normal,Male,Fashion accessories,76.52,5,3/25/2019,10:23,Cash,9.9
633-44-8566,Yangon,Member,Male,Food and beverages,49.38,7,3/27/2019,20:35,Credit card,7.3
504-35-8843,Yangon,Normal,Male,Sports and travel,42.47,1,1/2/2019,16:57,Cash,5.7
318-68-5053,Mandalay,Normal,Female,Health and beauty,76.99,6,2/27/2019,17:55,Cash,6.1
565-80-5980,Naypyitaw,Member,Female,Home and lifestyle,47.38,4,1/23/2019,10:25,Cash,7.1
225-32-0908,Naypyitaw,Normal,Female,Sports and travel,44.86,10,1/26/2019,19:54,Ewallet,8.2
873-51-0671,Yangon,Member,Female,Sports and travel,21.98,7,1/10/2019,16:42,Ewallet,5.1
152-08-9985,Mandalay,Member,Male,Health and beauty,64.36,9,3/12/2019,12:09,Credit card,8.6
512-91-0811,Naypyitaw,Normal,Male,Health and beauty,89.75,1,2/6/2019,20:05,Credit card,6.6
594-34-4444,Yangon,Normal,Male,Electronic accessories,97.16,1,3/8/2019,20:38,Ewallet,7.2
766-85-7061,Mandalay,Normal,Male,Health and beauty,87.87,10,3/29/2019,10:25,Ewallet,5.1
871-39-9221,Naypyitaw,Normal,Female,Electronic accessories,12.45,6,2/9/2019,13:11,Cash,4.1
865-92-6136,Yangon,Normal,Male,Food and beverages,52.75,3,3/23/2019,10:16,Ewallet,9.3
733-01-9107,Mandalay,Normal,Male,Home and lifestyle,82.7,6,3/5/2019,18:14,Cash,7.4
163-56-7055,Naypyitaw,Member,Male,Fashion accessories,48.71,1,3/26/2019,19:20,Cash,4.1
189-98-2939,Naypyitaw,Normal,Male,Fashion accessories,78.55,9,3/1/2019,13:22,Cash,7.2
551-21-3069,Naypyitaw,Normal,Female,Electronic accessories,23.07,9,2/1/2019,11:27,Cash,4.9
212-62-1842,Yangon,Normal,Male,Food and beverages,58.26,6,3/28/2019,16:44,Cash,9.9
716-39-1409,Mandalay,Normal,Male,Health and beauty,30.35,7,3/19/2019,18:19,Cash,8
704-48-3927,Yangon,Member,Male,Electronic accessories,88.67,10,1/12/2019,14:50,Ewallet,7.3
628-34-3388,Naypyitaw,Normal,Male,Fashion accessories,27.38,6,1/5/2019,20:54,Credit card,7.9
630-74-5166,Yangon,Normal,Male,Sports and travel,62.13,6,3/22/2019,20:19,Cash,7.4
588-01-7461,Naypyitaw,Normal,Female,Food and beverages,33.98,9,3/24/2019,10:43,Cash,4.2
861-77-0145,Naypyitaw,Member,Male,Electronic accessories,81.97,10,3/3/2019,14:30,Cash,9.2
479-26-8945,Mandalay,Member,Female,Sports and travel,16.49,2,2/5/2019,11:32,Ewallet,4.6
210-67-5886,Naypyitaw,Member,Female,Health and beauty,98.21,3,2/5/2019,10:41,Credit card,7.8
227-78-1148,Mandalay,Normal,Female,Fashion accessories,72.84,7,2/15/2019,12:44,Cash,8.4
645-44-1170,Yangon,Member,Male,Home and lifestyle,58.07,9,1/19/2019,20:07,Ewallet,4.3
237-01-6122,Naypyitaw,Member,Female,Home and lifestyle,80.79,9,2/1/2019,20:31,Credit card,9.5
225-98-1496,Naypyitaw,Normal,Female,Fashion accessories,27.02,3,3/2/2019,13:01,Credit card,7.1
291-32-1427,Mandalay,Member,Male,Fashion accessories,21.94,5,3/5/2019,12:29,Ewallet,5.3
659-65-8956,Mandalay,Member,Male,Fashion accessories,51.36,1,1/16/2019,15:26,Ewallet,5.2
642-32-2990,Yangon,Normal,Female,Food and beverages,10.96,10,2/2/2019,20:48,Ewallet,6
378-24-2715,Mandalay,Normal,Male,Home and lifestyle,53.44,2,1/20/2019,20:38,Ewallet,4.1
638-60-7125,Yangon,Normal,Female,Electronic accessories,99.56,8,2/14/2019,17:03,Credit card,5.2
659-36-1684,Naypyitaw,Member,Male,Sports and travel,57.12,7,1/12/2019,12:02,Credit card,6.5
219-22-9386,Mandalay,Member,Male,Sports and travel,99.96,9,3/9/2019,17:26,Credit card,4.2
336-78-2147,Naypyitaw,Member,Male,Home and lifestyle,63.91,8,3/13/2019,19:52,Credit card,4.6
268-27-6179,Mandalay,Member,Female,Fashion accessories,56.47,8,3/9/2019,14:57,Ewallet,7.3
668-90-8900,Yangon,Normal,Female,Home and lifestyle,93.69,7,3/10/2019,18:44,Credit card,4.5
870-54-3162,Yangon,Normal,Female,Sports and travel,32.25,5,1/27/2019,13:26,Cash,9
189-08-9157,Naypyitaw,Normal,Female,Fashion accessories,31.73,9,1/8/2019,16:17,Credit card,5.9
663-86-9076,Naypyitaw,Member,Female,Food and beverages,68.54,8,1/8/2019,15:57,Ewallet,8.5
549-84-7482,Mandalay,Normal,Female,Sports and travel,90.28,9,2/8/2019,11:15,Ewallet,7.2
191-10-6171,Mandalay,Normal,Female,Fashion accessories,39.62,7,1/25/2019,13:18,Cash,7.5
802-70-5316,Yangon,Member,Female,Sports and travel,92.13,6,3/6/2019,20:34,Cash,8.3
695-51-0018,Mandalay,Normal,Female,Sports and travel,34.84,4,2/10/2019,18:36,Cash,7.4
590-83-4591,Mandalay,Member,Male,Electronic accessories,87.45,6,2/17/2019,14:40,Credit card,8.8
483-71-1164,Naypyitaw,Normal,Female,Health and beauty,81.3,6,3/8/2019,16:43,Ewallet,5.3
597-78-7908,Naypyitaw,Normal,Male,Fashion accessories,90.22,3,2/18/2019,19:39,Cash,6.2
700-81-1757,Yangon,Normal,Female,Electronic accessories,26.31,5,1/18/2019,20:59,Credit card,8.8
354-39-5160,Yangon,Member,Female,Home and lifestyle,34.42,6,2/18/2019,15:39,Cash,9.8
241-72-9525,Mandalay,Normal,Male,Sports and travel,51.91,10,2/16/2019,12:21,Cash,8.2
575-30-8091,Yangon,Normal,Male,Sports and travel,72.5,8,3/16/2019,19:25,Ewallet,9.2
731-81-9469,Naypyitaw,Member,Female,Sports and travel,89.8,10,1/23/2019,13:00,Credit card,5.4
280-17-4359,Naypyitaw,Member,Male,Health and beauty,90.5,10,1/25/2019,13:48,Cash,8.1
338-65-2210,Naypyitaw,Member,Female,Health and beauty,68.6,10,2/5/2019,19:57,Cash,9.1
488-25-4221,Naypyitaw,Member,Female,Food and beverages,30.41,1,2/22/2019,10:36,Credit card,8.4
239-10-7476,Yangon,Normal,Female,Home and lifestyle,77.95,6,1/21/2019,16:37,Ewallet,8
458-41-1477,Naypyitaw,Normal,Female,Health and beauty,46.26,6,3/8/2019,17:11,Credit card,9.5
685-64-1609,Yangon,Member,Female,Fashion accessories,30.14,10,2/10/2019,12:28,Ewallet,9.2
568-90-5112,Naypyitaw,Normal,Male,Health and beauty,66.14,4,3/19/2019,12:46,Credit card,5.6
262-47-2794,Mandalay,Member,Male,Home and lifestyle,71.86,8,3/6/2019,15:07,Credit card,6.2
238-49-0436,Yangon,Normal,Male,Health and beauty,32.46,8,3/27/2019,13:48,Credit card,4.9
608-96-3517,Mandalay,Member,Female,Fashion accessories,91.54,4,3/23/2019,19:20,Credit card,4.8
584-86-7256,Naypyitaw,Member,Male,Sports and travel,34.56,7,3/11/2019,16:07,Credit card,7.3
746-94-0204,Yangon,Normal,Male,Fashion accessories,83.24,9,1/29/2019,11:56,Credit card,7.4
214-17-6927,Naypyitaw,Normal,Female,Food and beverages,16.48,6,2/7/2019,18:23,Ewallet,9.9
400-89-4171,Naypyitaw,Normal,Female,Sports and travel,80.97,8,1/28/2019,13:05,Cash,9.3
782-95-9291,Yangon,Member,Male,Food and beverages,92.29,5,2/20/2019,15:55,Credit card,9
279-74-2924,Mandalay,Member,Male,Electronic accessories,72.17,1,1/4/2019,19:40,Cash,6.1
307-85-2293,Mandalay,Normal,Male,Home and lifestyle,50.28,5,3/7/2019,13:58,Ewallet,9.7
743-04-1105,Mandalay,Member,Male,Health and beauty,97.22,9,3/30/2019,14:43,Ewallet,6
423-57-2993,Mandalay,Normal,Male,Sports and travel,93.39,6,3/27/2019,19:18,Ewallet,10
894-41-5205,Naypyitaw,Normal,Female,Food and beverages,43.18,8,1/19/2019,19:39,Credit card,8.3
275-28-0149,Yangon,Normal,Male,Sports and travel,63.69,1,2/25/2019,16:21,Cash,6
101-17-6199,Yangon,Normal,Male,Food and beverages,45.79,7,3/13/2019,19:44,Credit card,7
423-80-0988,Naypyitaw,Normal,Male,Sports and travel,76.4,2,1/30/2019,19:42,Ewallet,6.5
548-46-9322,Mandalay,Normal,Male,Food and beverages,39.9,10,2/20/2019,15:24,Credit card,5.9
505-02-0892,Mandalay,Member,Male,Health and beauty,42.57,8,2/25/2019,14:12,Ewallet,5.6
234-65-2137,Naypyitaw,Normal,Male,Home and lifestyle,95.58,10,1/16/2019,13:32,Cash,4.8
687-47-8271,Yangon,Normal,Male,Fashion accessories,98.98,10,2/8/2019,16:20,Credit card,8.7
796-32-9050,Yangon,Normal,Male,Food and beverages,51.28,6,1/19/2019,16:31,Cash,6.5
105-31-1824,Yangon,Member,Male,Sports and travel,69.52,7,2/1/2019,15:10,Credit card,8.5
249-42-3782,Yangon,Normal,Male,Health and beauty,70.01,5,1/3/2019,11:36,Ewallet,5.5
316-55-4634,Mandalay,Member,Male,Food and beverages,80.05,5,1/26/2019,12:45,Credit card,9.4
733-33-4967,Naypyitaw,Normal,Male,Electronic accessories,20.85,8,3/3/2019,19:17,Cash,6.3
608-27-6295,Mandalay,Member,Male,Electronic accessories,52.89,6,1/19/2019,17:34,Credit card,9.8
414-12-7047,Mandalay,Normal,Male,Food and beverages,19.79,8,1/18/2019,12:04,Ewallet,8.7
827-26-2100,Yangon,Member,Male,Home and lifestyle,33.84,9,3/21/2019,16:21,Ewallet,8.8
175-54-2529,Yangon,Member,Male,Food and beverages,22.17,8,3/3/2019,17:01,Credit card,9.6
139-52-2867,Naypyitaw,Normal,Female,Fashion accessories,22.51,7,2/13/2019,10:50,Credit card,4.8
407-63-8975,Yangon,Normal,Male,Food and beverages,73.88,6,3/23/2019,19:16,Ewallet,4.4
342-65-4817,Naypyitaw,Member,Male,Health and beauty,86.8,3,1/28/2019,16:47,Ewallet,9.9
130-98-8941,Naypyitaw,Normal,Male,Fashion accessories,64.26,7,2/9/2019,10:00,Cash,5.7
434-83-9547,Naypyitaw,Member,Male,Food and beverages,38.47,8,1/23/2019,11:51,Cash,7.7
851-28-6367,Yangon,Member,Male,Sports and travel,15.5,10,3/23/2019,10:55,Ewallet,8
824-88-3614,Naypyitaw,Normal,Male,Health and beauty,34.31,8,1/25/2019,15:00,Ewallet,5.7
586-25-0848,Yangon,Normal,Female,Sports and travel,12.34,7,3/4/2019,11:19,Credit card,6.7
895-66-0685,Mandalay,Member,Male,Food and beverages,18.08,3,3/5/2019,19:46,Ewallet,8
305-14-0245,Mandalay,Member,Female,Home and lifestyle,94.49,8,3/3/2019,19:00,Ewallet,7.5
732-04-5373,Mandalay,Member,Male,Home and lifestyle,46.47,4,2/8/2019,10:53,Cash,7
400-60-7251,Yangon,Normal,Male,Home and lifestyle,74.07,1,2/10/2019,12:50,Ewallet,9.9
593-65-1552,Naypyitaw,Normal,Female,Home and lifestyle,69.81,4,1/28/2019,20:50,Credit card,5.9
284-34-9626,Mandalay,Normal,Female,Home and lifestyle,77.04,3,2/11/2019,10:39,Credit card,7.2
437-58-8131,Mandalay,Normal,Female,Fashion accessories,73.52,2,1/15/2019,13:41,Ewallet,4.6
286-43-6208,Naypyitaw,Normal,Female,Food and beverages,87.8,9,3/16/2019,19:08,Cash,9.2
641-43-2399,Mandalay,Normal,Male,Home and lifestyle,25.55,4,1/26/2019,20:23,Ewallet,5.7
831-07-6050,Yangon,Normal,Male,Electronic accessories,32.71,5,3/19/2019,11:30,Credit card,9.9
556-86-3144,Naypyitaw,Member,Female,Fashion accessories,74.29,1,1/13/2019,19:30,Cash,5
848-24-9445,Naypyitaw,Member,Male,Health and beauty,43.7,2,3/26/2019,18:03,Cash,4.9
856-22-8149,Yangon,Normal,Female,Home and lifestyle,25.29,1,3/23/2019,10:13,Ewallet,6.1
699-01-4164,Naypyitaw,Normal,Male,Health and beauty,41.5,4,3/12/2019,19:58,Credit card,8.2
420-11-4919,Naypyitaw,Member,Female,Food and beverages,71.39,5,2/17/2019,19:57,Credit card,5.5
606-80-4905,Naypyitaw,Member,Female,Sports and travel,19.15,6,1/29/2019,10:01,Credit card,6.8
542-41-0513,Mandalay,Member,Female,Electronic accessories,57.49,4,3/15/2019,11:57,Cash,6.6
426-39-2418,Naypyitaw,Normal,Male,Electronic accessories,61.41,7,1/14/2019,10:02,Cash,9.8
875-46-5808,Mandalay,Member,Male,Health and beauty,25.9,10,2/6/2019,14:51,Ewallet,8.7
394-43-4238,Mandalay,Member,Male,Home and lifestyle,17.77,5,2/15/2019,12:42,Credit card,5.4
749-24-1565,Yangon,Normal,Female,Health and beauty,23.03,9,1/3/2019,12:02,Ewallet,7.9
672-51-8681,Naypyitaw,Member,Female,Electronic accessories,66.65,9,1/4/2019,18:19,Credit card,9.7
263-87-5680,Naypyitaw,Member,Female,Home and lifestyle,28.53,10,3/18/2019,17:38,Ewallet,7.8
573-58-9734,Mandalay,Normal,Female,Fashion accessories,30.37,3,3/28/2019,13:41,Ewallet,5.1
817-69-8206,Mandalay,Normal,Female,Electronic accessories,99.73,9,3/2/2019,19:42,Credit card,6.5
888-02-0338,Yangon,Normal,Male,Electronic accessories,26.23,9,1/25/2019,20:24,Ewallet,5.9
677-11-0152,Naypyitaw,Normal,Female,Food and beverages,93.26,9,1/16/2019,18:08,Cash,8.8
142-63-6033,Mandalay,Normal,Male,Home and lifestyle,92.36,5,3/20/2019,19:17,Ewallet,4.9
656-16-1063,Mandalay,Normal,Male,Sports and travel,46.42,3,1/4/2019,13:24,Credit card,4.4
891-58-8335,Mandalay,Member,Female,Sports and travel,29.61,7,3/11/2019,15:53,Cash,6.5
802-43-8934,Yangon,Normal,Male,Home and lifestyle,18.28,1,3/22/2019,15:05,Credit card,8.3
560-30-5617,Mandalay,Normal,Female,Sports and travel,24.77,5,3/24/2019,18:27,Cash,8.5
319-74-2561,Yangon,Member,Female,Electronic accessories,94.64,3,2/21/2019,16:55,Cash,5.5
549-03-9315,Mandalay,Normal,Male,Fashion accessories,94.87,8,2/12/2019,12:58,Ewallet,8.7
790-29-1172,Mandalay,Normal,Female,Food and beverages,57.34,3,3/10/2019,18:59,Credit card,7.9
239-36-3640,Mandalay,Normal,Male,Electronic accessories,45.35,6,1/31/2019,13:44,Ewallet,6.1
468-01-2051,Mandalay,Normal,Male,Food and beverages,62.08,7,3/6/2019,13:46,Ewallet,5.4
389-25-3394,Naypyitaw,Normal,Male,Electronic accessories,11.81,5,2/17/2019,18:06,Cash,9.4
279-62-1445,Naypyitaw,Member,Female,Fashion accessories,12.54,1,2/21/2019,12:38,Cash,8.2
213-72-6612,Yangon,Normal,Male,Food and beverages,43.25,2,3/20/2019,15:56,Cash,6.2
746-68-6593,Naypyitaw,Member,Female,Sports and travel,87.16,2,1/11/2019,14:29,Credit card,9.7
836-82-5858,Mandalay,Member,Male,Health and beauty,69.37,9,1/26/2019,19:14,Ewallet,4
583-72-1480,Naypyitaw,Member,Male,Electronic accessories,37.06,4,1/31/2019,16:24,Ewallet,9.7
466-61-5506,Mandalay,Member,Female,Electronic accessories,90.7,6,2/26/2019,10:52,Cash,5.3
721-86-6247,Yangon,Normal,Female,Home and lifestyle,63.42,8,3/11/2019,12:55,Ewallet,7.4
289-65-5721,Mandalay,Normal,Female,Fashion accessories,81.37,2,1/26/2019,19:28,Cash,6.5
545-46-3100,Mandalay,Member,Female,Electronic accessories,10.59,3,3/12/2019,13:52,Credit card,8.7
418-02-5978,Mandalay,Normal,Female,Health and beauty,84.09,9,2/11/2019,10:54,Cash,8
269-04-5750,Mandalay,Member,Male,Fashion accessories,73.82,4,2/21/2019,18:31,Cash,6.7
157-13-5295,Yangon,Member,Male,Health and beauty,51.94,10,3/9/2019,18:24,Ewallet,6.5
645-78-8093,Yangon,Normal,Female,Sports and travel,93.14,2,1/20/2019,18:09,Ewallet,4.1
211-30-9270,Naypyitaw,Normal,Male,Health and beauty,17.41,5,1/28/2019,15:16,Credit card,4.9
755-12-3214,Naypyitaw,Member,Female,Fashion accessories,44.22,5,3/5/2019,17:07,Credit card,8.6
346-84-3103,Mandalay,Member,Female,Electronic accessories,13.22,5,3/2/2019,19:26,Cash,4.3
478-06-7835,Yangon,Normal,Male,Fashion accessories,89.69,1,1/11/2019,11:20,Ewallet,4.9
540-11-4336,Yangon,Normal,Male,Food and beverages,24.94,9,1/11/2019,16:49,Credit card,5.6
448-81-5016,Yangon,Normal,Male,Health and beauty,59.77,2,3/11/2019,12:01,Credit card,5.8
142-72-4741,Naypyitaw,Member,Male,Fashion accessories,93.2,2,2/28/2019,18:37,Credit card,6
217-58-1179,Yangon,Member,Male,Home and lifestyle,62.65,4,1/5/2019,11:25,Cash,4.2
376-02-8238,Mandalay,Normal,Male,Home and lifestyle,93.87,8,2/2/2019,18:42,Credit card,8.3
530-90-9855,Yangon,Member,Male,Home and lifestyle,47.59,8,1/1/2019,14:47,Cash,5.7
866-05-7563,Mandalay,Member,Female,Electronic accessories,81.4,3,2/9/2019,19:43,Cash,4.8
604-70-6476,Yangon,Member,Male,Fashion accessories,17.94,5,1/23/2019,14:04,Ewallet,6.8
799-71-1548,Yangon,Member,Male,Electronic accessories,77.72,4,1/7/2019,16:11,Credit card,8.8
785-13-7708,Mandalay,Normal,Male,Food and beverages,73.06,7,1/14/2019,19:06,Credit card,4.2
845-51-0542,Mandalay,Member,Male,Food and beverages,46.55,9,2/2/2019,15:34,Ewallet,6.4
662-47-5456,Naypyitaw,Member,Male,Fashion accessories,35.19,10,3/17/2019,19:06,Credit card,8.4
883-17-4236,Naypyitaw,Normal,Female,Sports and travel,14.39,2,3/2/2019,19:44,Credit card,7.2
290-68-2984,Yangon,Normal,Male,Home and lifestyle,23.75,4,3/16/2019,11:22,Cash,5.2
704-11-6354,Yangon,Member,Male,Home and lifestyle,58.9,8,1/6/2019,11:23,Cash,8.9
110-48-7033,Mandalay,Member,Male,Fashion accessories,32.62,4,1/29/2019,14:12,Cash,9
366-93-0948,Yangon,Member,Male,Electronic accessories,66.35,1,1/31/2019,10:46,Credit card,9.7
729-09-9681,Yangon,Member,Male,Home and lifestyle,25.91,6,2/5/2019,10:16,Ewallet,8.7
151-16-1484,Yangon,Member,Male,Electronic accessories,32.25,4,2/13/2019,12:38,Ewallet,6.5
380-94-4661,Naypyitaw,Member,Male,Electronic accessories,65.94,4,2/7/2019,13:05,Credit card,6.9
850-41-9669,Yangon,Normal,Female,Electronic accessories,75.06,9,3/19/2019,13:25,Ewallet,6.2
821-07-3596,Naypyitaw,Normal,Female,Fashion accessories,16.45,4,3/7/2019,14:53,Ewallet,5.6
655-85-5130,Mandalay,Member,Female,Fashion accessories,38.3,4,3/13/2019,19:22,Cash,5.7
447-15-7839,Yangon,Member,Female,Sports and travel,22.24,10,2/9/2019,11:00,Cash,4.2
154-74-7179,Mandalay,Normal,Male,Sports and travel,54.45,1,2/26/2019,19:24,Ewallet,7.9
253-12-6086,Yangon,Member,Female,Sports and travel,98.4,7,3/12/2019,12:43,Credit card,8.7
808-65-0703,Naypyitaw,Normal,Male,Home and lifestyle,35.47,4,3/14/2019,17:22,Credit card,6.9
571-94-0759,Mandalay,Member,Female,Food and beverages,74.6,10,1/8/2019,20:55,Cash,9.5
144-51-6085,Yangon,Member,Male,Home and lifestyle,70.74,4,1/5/2019,16:05,Credit card,4.4
731-14-2199,Yangon,Member,Female,Home and lifestyle,35.54,10,1/4/2019,13:34,Ewallet,7
783-09-1637,Mandalay,Normal,Female,Sports and travel,67.43,5,3/6/2019,18:13,Ewallet,6.3
687-15-1097,Naypyitaw,Member,Female,Health and beauty,21.12,2,1/3/2019,19:17,Cash,9.7
126-54-1082,Yangon,Member,Female,Home and lifestyle,21.54,9,1/7/2019,11:44,Credit card,8.8
633-91-1052,Yangon,Normal,Female,Home and lifestyle,12.03,2,1/27/2019,15:51,Cash,5.1
477-24-6490,Mandalay,Normal,Female,Health and beauty,99.71,6,2/26/2019,16:52,Ewallet,7.9
566-19-5475,Mandalay,Normal,Male,Fashion accessories,47.97,7,1/7/2019,20:52,Cash,6.2
526-86-8552,Naypyitaw,Member,Female,Home and lifestyle,21.82,10,1/7/2019,17:36,Cash,7.1
376-56-3573,Naypyitaw,Normal,Female,Fashion accessories,95.42,4,2/2/2019,13:23,Ewallet,6.4
537-72-0426,Naypyitaw,Member,Male,Fashion accessories,70.99,10,3/20/2019,16:28,Cash,5.7
828-61-5674,Yangon,Member,Male,Sports and travel,44.02,10,3/20/2019,19:57,Credit card,9.6
136-08-6195,Yangon,Normal,Female,Home and lifestyle,69.96,8,2/15/2019,17:01,Credit card,6.4
523-38-0215,Naypyitaw,Normal,Male,Home and lifestyle,37,1,3/6/2019,13:29,Credit card,7.9
490-29-1201,Yangon,Normal,Female,Sports and travel,15.34,1,1/6/2019,11:09,Cash,6.5
667-92-0055,Yangon,Member,Male,Health and beauty,99.83,6,3/4/2019,15:02,Ewallet,8.5
565-17-3836,Yangon,Member,Female,Health and beauty,47.67,4,3/12/2019,14:21,Cash,9.1
498-41-1961,Mandalay,Normal,Male,Health and beauty,66.68,5,2/20/2019,18:01,Cash,7.6
593-95-4461,Naypyitaw,Member,Male,Home and lifestyle,74.86,1,3/24/2019,14:49,Cash,6.9
226-71-3580,Naypyitaw,Normal,Female,Sports and travel,23.75,9,1/31/2019,12:02,Cash,9.5
283-79-9594,Mandalay,Normal,Female,Food and beverages,48.51,7,1/25/2019,13:30,Credit card,5.2
430-60-3493,Yangon,Member,Female,Home and lifestyle,94.88,7,2/3/2019,14:38,Cash,4.2
139-20-0155,Mandalay,Member,Male,Electronic accessories,40.3,10,1/24/2019,17:37,Credit card,7
558-80-4082,Naypyitaw,Normal,Male,Electronic accessories,27.85,7,3/14/2019,17:20,Ewallet,6
278-97-7759,Yangon,Member,Female,Electronic accessories,62.48,1,2/18/2019,20:29,Cash,4.7
316-68-6352,Yangon,Member,Female,Food and beverages,36.36,2,1/21/2019,10:00,Cash,7.1
585-03-5943,Mandalay,Normal,Male,Health and beauty,18.11,10,3/13/2019,11:46,Ewallet,5.9
211-05-0490,Naypyitaw,Member,Female,Electronic accessories,51.92,5,3/3/2019,13:42,Cash,7.5
727-75-6477,Naypyitaw,Normal,Male,Electronic accessories,28.84,4,3/29/2019,14:44,Cash,6.4
744-02-5987,Yangon,Member,Male,Home and lifestyle,78.38,6,1/10/2019,14:16,Ewallet,5.8
307-83-9164,Yangon,Member,Male,Home and lifestyle,60.01,4,1/25/2019,15:54,Cash,4.5
779-06-0012,Naypyitaw,Member,Female,Home and lifestyle,88.61,1,1/19/2019,10:21,Cash,7.7
446-47-6729,Naypyitaw,Normal,Male,Fashion accessories,99.82,2,1/2/2019,18:09,Credit card,6.7
573-10-3877,Mandalay,Member,Male,Health and beauty,39.01,1,3/12/2019,16:46,Credit card,4.7
735-06-4124,Naypyitaw,Normal,Male,Food and beverages,48.61,1,2/25/2019,15:31,Cash,4.4
439-54-7422,Yangon,Normal,Female,Electronic accessories,51.19,4,3/18/2019,17:15,Credit card,4.7
396-90-2219,Mandalay,Normal,Female,Electronic accessories,14.96,8,2/23/2019,12:29,Cash,8.6
411-77-0180,Yangon,Member,Male,Electronic accessories,72.2,7,3/26/2019,20:14,Ewallet,4.3
286-01-5402,Yangon,Normal,Female,Sports and travel,40.23,7,3/30/2019,13:22,Cash,9.6
803-17-8013,Yangon,Member,Female,Home and lifestyle,88.79,8,2/17/2019,17:09,Cash,4.1
512-98-1403,Yangon,Member,Female,Electronic accessories,26.48,3,3/21/2019,10:40,Ewallet,4.7
848-42-2560,Yangon,Normal,Female,Fashion accessories,81.91,2,3/5/2019,17:43,Cash,7.8
532-59-7201,Mandalay,Member,Male,Sports and travel,79.93,6,1/31/2019,14:04,Cash,5.5
181-94-6432,Naypyitaw,Member,Male,Fashion accessories,69.33,2,2/5/2019,19:05,Ewallet,9.7
870-76-1733,Yangon,Member,Female,Food and beverages,14.23,5,2/1/2019,10:08,Credit card,4.4
423-64-4619,Yangon,Member,Female,Health and beauty,15.55,9,3/7/2019,13:12,Cash,5
227-07-4446,Naypyitaw,Member,Female,Electronic accessories,78.13,10,2/10/2019,20:51,Cash,4.4
174-36-3675,Naypyitaw,Member,Male,Food and beverages,99.37,2,2/14/2019,17:29,Cash,5.2
428-83-5800,Naypyitaw,Member,Female,Food and beverages,21.08,3,2/9/2019,10:25,Cash,7.3
603-07-0961,Naypyitaw,Member,Male,Electronic accessories,74.79,5,1/10/2019,11:34,Cash,4.9
704-20-4138,Naypyitaw,Member,Female,Health and beauty,29.67,7,3/11/2019,18:58,Credit card,8.1
787-15-1757,Naypyitaw,Member,Male,Health and beauty,44.07,4,2/18/2019,16:28,Ewallet,8.4
649-11-3678,Naypyitaw,Normal,Female,Food and beverages,22.93,9,2/26/2019,20:26,Cash,5.5
622-20-1945,Naypyitaw,Normal,Female,Health and beauty,39.42,1,1/18/2019,15:08,Cash,8.4
372-94-8041,Yangon,Normal,Male,Health and beauty,15.26,6,2/15/2019,18:03,Ewallet,9.8
563-91-7120,Yangon,Normal,Female,Fashion accessories,61.77,5,3/8/2019,13:21,Cash,6.7
746-54-5508,Yangon,Normal,Male,Home and lifestyle,21.52,6,1/17/2019,12:48,Credit card,9.4
276-54-0879,Mandalay,Normal,Male,Sports and travel,97.74,4,3/12/2019,19:53,Ewallet,6.4
815-11-1168,Yangon,Member,Male,Food and beverages,99.78,5,3/9/2019,19:09,Cash,5.4
719-76-3868,Naypyitaw,Member,Male,Food and beverages,94.26,4,3/12/2019,16:30,Cash,8.6
730-61-8757,Mandalay,Member,Male,Health and beauty,51.13,4,1/25/2019,10:11,Credit card,4
340-66-0321,Yangon,Member,Male,Electronic accessories,36.36,4,3/25/2019,13:07,Cash,7.6
868-81-1752,Mandalay,Normal,Male,Home and lifestyle,22.02,9,2/7/2019,18:48,Cash,6.8
634-97-8956,Yangon,Normal,Male,Food and beverages,32.9,3,2/17/2019,17:27,Credit card,9.1
566-71-1091,Yangon,Normal,Male,Fashion accessories,77.02,5,2/3/2019,15:59,Cash,5.5
442-48-3607,Yangon,Member,Male,Food and beverages,23.48,2,3/14/2019,11:21,Credit card,7.9
835-16-0096,Naypyitaw,Member,Male,Sports and travel,14.7,5,3/24/2019,13:48,Ewallet,8.5
527-09-6272,Yangon,Member,Female,Electronic accessories,28.45,5,3/21/2019,10:17,Credit card,9.1
898-04-2717,Yangon,Normal,Male,Fashion accessories,76.4,9,3/19/2019,15:49,Ewallet,7.5
692-27-8933,Mandalay,Normal,Female,Sports and travel,57.95,6,2/24/2019,13:02,Cash,5.2
633-09-3463,Naypyitaw,Normal,Female,Electronic accessories,47.65,3,3/28/2019,12:58,Credit card,9.5
374-17-3652,Mandalay,Member,Female,Food and beverages,42.82,9,2/5/2019,15:26,Credit card,8.9
378-07-7001,Mandalay,Member,Male,Electronic accessories,48.09,3,2/10/2019,18:23,Credit card,7.8
433-75-6987,Mandalay,Member,Female,Health and beauty,55.97,7,3/5/2019,19:06,Ewallet,8.9
873-95-4984,Mandalay,Member,Female,Health and beauty,76.9,7,2/15/2019,20:21,Cash,7.7
416-13-5917,Naypyitaw,Normal,Female,Food and beverages,97.03,5,1/30/2019,16:24,Ewallet,9.3
150-89-8043,Yangon,Normal,Male,Sports and travel,44.65,3,2/14/2019,15:04,Cash,6.2
135-84-8019,Yangon,Normal,Female,Fashion accessories,77.93,9,2/27/2019,16:10,Ewallet,7.6
441-94-7118,Yangon,Member,Male,Electronic accessories,71.95,1,2/4/2019,12:14,Cash,7.3
725-96-3778,Naypyitaw,Member,Female,Home and lifestyle,89.25,8,1/20/2019,10:13,Cash,4.7
531-80-1784,Yangon,Normal,Male,Electronic accessories,26.02,7,3/28/2019,17:38,Cash,5.1
400-45-1220,Mandalay,Normal,Female,Health and beauty,13.5,10,2/27/2019,11:06,Credit card,4.8
860-79-0874,Naypyitaw,Member,Female,Fashion accessories,99.3,10,2/15/2019,14:53,Credit card,6.6
834-61-8124,Yangon,Normal,Male,Electronic accessories,51.69,7,1/26/2019,18:22,Cash,5.5
115-99-4379,Mandalay,Member,Female,Fashion accessories,54.73,7,3/14/2019,19:02,Credit card,8.5
565-67-6697,Mandalay,Member,Male,Home and lifestyle,27,9,3/2/2019,14:16,Cash,4.8
320-49-6392,Naypyitaw,Normal,Female,Electronic accessories,30.24,1,3/4/2019,15:44,Cash,8.4
889-04-9723,Mandalay,Member,Female,Food and beverages,89.14,4,1/7/2019,12:20,Credit card,7.8
632-90-0281,Naypyitaw,Normal,Female,Fashion accessories,37.55,10,3/8/2019,20:01,Credit card,9.3
554-42-2417,Naypyitaw,Normal,Female,Sports and travel,95.44,10,1/9/2019,13:45,Cash,5.2
453-63-6187,Mandalay,Normal,Male,Electronic accessories,27.5,3,3/1/2019,15:40,Ewallet,6.5
578-80-7669,Mandalay,Normal,Male,Sports and travel,74.97,1,3/16/2019,16:58,Cash,5.6
612-36-5536,Yangon,Member,Male,Food and beverages,80.96,8,2/17/2019,11:12,Credit card,7.4
605-72-4132,Naypyitaw,Normal,Female,Food and beverages,94.47,8,2/27/2019,15:12,Cash,9.1
471-41-2823,Naypyitaw,Normal,Male,Food and beverages,99.79,2,3/7/2019,20:37,Ewallet,8
462-67-9126,Yangon,Normal,Male,Home and lifestyle,73.22,6,1/21/2019,17:44,Cash,7.2
272-27-9238,Naypyitaw,Normal,Female,Food and beverages,41.24,4,2/19/2019,16:23,Cash,7.1
834-25-9262,Naypyitaw,Normal,Female,Fashion accessories,81.68,4,1/6/2019,12:12,Cash,9.1
122-61-9553,Naypyitaw,Normal,Female,Electronic accessories,51.32,9,3/14/2019,19:33,Cash,5.6
468-88-0009,Yangon,Member,Male,Home and lifestyle,65.94,4,3/24/2019,10:29,Cash,6
613-59-9758,Naypyitaw,Normal,Female,Sports and travel,14.36,10,1/27/2019,14:28,Cash,5.4
254-31-0042,Yangon,Member,Male,Electronic accessories,21.5,9,3/6/2019,12:46,Credit card,7.8
201-86-2184,Mandalay,Member,Female,Electronic accessories,26.26,7,2/2/2019,19:40,Cash,9.9
261-12-8671,Mandalay,Normal,Female,Fashion accessories,60.96,2,1/25/2019,19:39,Credit card,4.9
730-70-9830,Naypyitaw,Normal,Female,Home and lifestyle,70.11,6,3/14/2019,17:54,Ewallet,5.2
382-25-8917,Naypyitaw,Normal,Male,Fashion accessories,42.08,6,1/29/2019,12:25,Cash,8.9
422-29-8786,Yangon,Normal,Female,Home and lifestyle,67.09,5,1/3/2019,16:47,Credit card,9.1
667-23-5919,Yangon,Member,Female,Fashion accessories,96.7,5,1/14/2019,12:52,Ewallet,7
843-01-4703,Mandalay,Member,Female,Home and lifestyle,35.38,9,1/5/2019,19:50,Credit card,9.6
743-88-1662,Naypyitaw,Normal,Male,Sports and travel,95.49,7,2/22/2019,18:17,Ewallet,8.7
595-86-2894,Naypyitaw,Member,Male,Fashion accessories,96.98,4,2/6/2019,17:20,Ewallet,9.4
182-69-8360,Mandalay,Normal,Female,Electronic accessories,23.65,4,1/30/2019,13:32,Credit card,4
289-15-7034,Yangon,Member,Male,Sports and travel,82.33,4,1/11/2019,10:37,Credit card,7.5
462-78-5240,Naypyitaw,Normal,Female,Electronic accessories,26.61,2,3/19/2019,14:35,Cash,4.2
868-52-7573,Mandalay,Normal,Female,Food and beverages,99.69,5,1/14/2019,12:09,Cash,9.9
153-58-4872,Naypyitaw,Member,Female,Food and beverages,74.89,4,3/1/2019,15:32,Ewallet,4.2
662-72-2873,Yangon,Normal,Female,Food and beverages,40.94,5,1/6/2019,13:58,Ewallet,9.9
525-88-7307,Mandalay,Member,Male,Sports and travel,75.82,1,1/31/2019,13:19,Cash,5.8
689-16-9784,Naypyitaw,Normal,Male,Food and beverages,46.77,6,3/11/2019,13:37,Cash,6
725-56-0833,Yangon,Normal,Female,Health and beauty,32.32,10,2/20/2019,16:49,Credit card,10
394-41-0748,Naypyitaw,Member,Female,Fashion accessories,54.07,9,1/27/2019,14:55,Ewallet,9.5
596-42-3999,Mandalay,Normal,Male,Food and beverages,18.22,7,3/10/2019,14:04,Credit card,6.6
541-89-9860,Naypyitaw,Member,Female,Fashion accessories,80.48,3,2/15/2019,12:31,Cash,8.1
173-82-9529,Mandalay,Normal,Female,Fashion accessories,37.95,10,1/26/2019,14:51,Cash,9.7
563-36-9814,Yangon,Member,Male,Electronic accessories,76.82,1,2/13/2019,18:27,Ewallet,7.2
308-47-4913,Yangon,Member,Female,Sports and travel,52.26,10,3/9/2019,12:45,Credit card,6.2
885-17-6250,Yangon,Normal,Female,Health and beauty,79.74,1,3/6/2019,10:36,Ewallet,7.3
726-27-2396,Yangon,Normal,Female,Health and beauty,77.5,5,1/24/2019,20:36,Ewallet,4.3
316-01-3952,Yangon,Normal,Female,Food and beverages,54.27,5,3/13/2019,14:16,Ewallet,4.6
760-54-1821,Mandalay,Normal,Male,Home and lifestyle,13.59,9,3/15/2019,10:26,Cash,5.8
793-10-3222,Mandalay,Member,Female,Health and beauty,41.06,6,3/5/2019,13:30,Credit card,8.3
346-12-3257,Mandalay,Member,Male,Electronic accessories,19.24,9,3/4/2019,16:28,Cash,8
110-05-6330,Naypyitaw,Normal,Female,Food and beverages,39.43,6,3/25/2019,20:18,Credit card,9.4
651-61-0874,Naypyitaw,Normal,Male,Home and lifestyle,46.22,4,3/12/2019,20:04,Credit card,6.2
236-86-3015,Naypyitaw,Member,Male,Home and lifestyle,13.98,1,2/4/2019,13:38,Ewallet,9.8
831-64-0259,Mandalay,Normal,Female,Fashion accessories,39.75,5,2/22/2019,10:43,Ewallet,9.6
587-03-7455,Naypyitaw,Member,Female,Fashion accessories,97.79,7,2/16/2019,17:30,Ewallet,4.9
882-40-4577,Yangon,Member,Male,Sports and travel,67.26,4,1/19/2019,15:28,Credit card,8
732-67-5346,Yangon,Normal,Male,Food and beverages,13.79,5,1/11/2019,19:07,Credit card,7.8
725-32-9708,Mandalay,Member,Female,Fashion accessories,68.71,4,1/4/2019,19:01,Cash,4.1
256-08-8343,Yangon,Normal,Female,Home and lifestyle,56.53,4,3/4/2019,19:48,Ewallet,5.5
372-26-1506,Naypyitaw,Normal,Female,Fashion accessories,23.82,5,1/28/2019,19:24,Ewallet,5.4
244-08-0162,Mandalay,Normal,Female,Health and beauty,34.21,10,1/2/2019,13:00,Cash,5.1
569-71-4390,Mandalay,Normal,Male,Sports and travel,21.87,2,1/25/2019,14:29,Ewallet,6.9
132-23-6451,Yangon,Member,Male,Health and beauty,20.97,5,1/4/2019,13:21,Cash,7.8
696-90-2548,Yangon,Normal,Male,Sports and travel,25.84,3,3/10/2019,18:55,Ewallet,6.6
472-15-9636,Yangon,Normal,Male,Home and lifestyle,50.93,8,3/22/2019,19:36,Ewallet,9.2
268-03-6164,Mandalay,Normal,Male,Health and beauty,96.11,1,1/25/2019,16:28,Ewallet,7.8
750-57-9686,Naypyitaw,Normal,Female,Home and lifestyle,45.38,4,1/8/2019,13:48,Credit card,8.7
186-09-3669,Naypyitaw,Member,Female,Health and beauty,81.51,1,1/22/2019,10:57,Ewallet,9.2
848-07-1692,Mandalay,Normal,Female,Health and beauty,57.22,2,1/12/2019,17:13,Ewallet,8.3
745-71-3520,Yangon,Member,Female,Electronic accessories,25.22,7,2/4/2019,10:23,Cash,8.2
266-76-6436,Naypyitaw,Member,Female,Food and beverages,38.6,3,3/28/2019,13:57,Ewallet,7.5
740-22-2500,Naypyitaw,Normal,Female,Electronic accessories,84.05,3,1/23/2019,13:29,Cash,9.8
271-88-8734,Naypyitaw,Member,Female,Fashion accessories,97.21,10,2/8/2019,13:00,Credit card,8.7
301-81-8610,Mandalay,Member,Male,Fashion accessories,25.42,8,3/19/2019,19:42,Credit card,6.7
489-64-4354,Naypyitaw,Normal,Male,Fashion accessories,16.28,1,3/9/2019,15:36,Cash,5
198-84-7132,Mandalay,Member,Male,Fashion accessories,40.61,9,1/2/2019,13:40,Cash,7
269-10-8440,Yangon,Member,Male,Health and beauty,53.17,7,1/21/2019,18:01,Cash,8.9
650-98-6268,Mandalay,Member,Female,Food and beverages,20.87,3,3/20/2019,13:53,Credit card,8
741-73-3559,Mandalay,Normal,Male,Sports and travel,67.27,5,2/27/2019,17:27,Cash,6.9
325-77-6186,Yangon,Member,Female,Home and lifestyle,90.65,10,3/8/2019,10:53,Ewallet,7.3
286-75-7818,Mandalay,Normal,Male,Fashion accessories,69.08,2,1/31/2019,19:48,Credit card,6.9
574-57-9721,Naypyitaw,Normal,Male,Food and beverages,43.27,2,3/8/2019,16:53,Ewallet,5.7
459-50-7686,Yangon,Normal,Female,Electronic accessories,23.46,6,1/13/2019,19:14,Ewallet,6.4
616-87-0016,Mandalay,Normal,Male,Fashion accessories,95.54,7,3/9/2019,14:36,Credit card,9.6
837-55-7229,Mandalay,Normal,Female,Fashion accessories,47.44,1,2/22/2019,18:19,Credit card,6.8
751-69-0068,Naypyitaw,Normal,Male,Sports and travel,99.24,9,3/19/2019,19:09,Ewallet,9
257-73-1380,Naypyitaw,Member,Male,Sports and travel,82.93,4,1/20/2019,16:51,Ewallet,9.6
345-08-4992,Yangon,Normal,Male,Home and lifestyle,33.99,6,3/8/2019,15:37,Credit card,7.7
549-96-4200,Naypyitaw,Member,Male,Food and beverages,17.04,4,3/8/2019,20:15,Ewallet,7
810-60-6344,Naypyitaw,Normal,Female,Electronic accessories,40.86,8,2/7/2019,14:38,Credit card,6.5
450-28-2866,Naypyitaw,Member,Male,Food and beverages,17.44,5,1/15/2019,19:25,Cash,8.1
394-30-3170,Mandalay,Member,Female,Sports and travel,88.43,8,3/22/2019,19:35,Credit card,4.3
138-17-5109,Yangon,Member,Female,Home and lifestyle,89.21,9,1/15/2019,15:42,Credit card,6.5
192-98-7397,Naypyitaw,Normal,Male,Fashion accessories,12.78,1,1/8/2019,14:11,Ewallet,9.5
301-11-9629,Yangon,Normal,Female,Sports and travel,19.1,7,1/15/2019,10:43,Cash,9.7
390-80-5128,Mandalay,Member,Female,Health and beauty,19.15,1,1/28/2019,17:58,Credit card,9.5
235-46-8343,Naypyitaw,Member,Male,Food and beverages,27.66,10,2/14/2019,11:26,Credit card,8.9
453-12-7053,Naypyitaw,Normal,Male,Fashion accessories,45.74,3,3/10/2019,17:38,Credit card,6.5
296-11-7041,Mandalay,Member,Female,Health and beauty,27.07,1,1/12/2019,20:07,Credit card,5.3
449-27-2918,Mandalay,Member,Female,Sports and travel,39.12,1,3/26/2019,11:02,Credit card,9.6
891-01-7034,Mandalay,Normal,Female,Electronic accessories,74.71,6,1/1/2019,19:07,Cash,6.7
744-09-5786,Mandalay,Normal,Male,Electronic accessories,22.01,6,1/2/2019,18:50,Cash,7.6
727-17-0390,Yangon,Normal,Female,Food and beverages,63.61,5,3/16/2019,12:43,Ewallet,4.8
568-88-3448,Yangon,Normal,Male,Health and beauty,25,1,3/3/2019,15:09,Ewallet,5.5
187-83-5490,Yangon,Member,Male,Electronic accessories,20.77,4,1/31/2019,13:47,Cash,4.7
767-54-1907,Mandalay,Member,Female,Fashion accessories,29.56,5,2/13/2019,16:59,Cash,6.9
710-46-4433,Mandalay,Member,Female,Food and beverages,77.4,9,2/15/2019,14:15,Credit card,4.5
533-33-5337,Mandalay,Normal,Male,Electronic accessories,79.39,10,2/7/2019,20:24,Cash,6.2
325-90-8763,Naypyitaw,Member,Female,Electronic accessories,46.57,10,1/27/2019,13:58,Cash,7.6
729-46-7422,Naypyitaw,Normal,Male,Food and beverages,35.89,1,2/23/2019,16:52,Credit card,7.9
639-76-1242,Naypyitaw,Normal,Male,Food and beverages,40.52,5,2/3/2019,15:19,Cash,4.5
234-03-4040,Mandalay,Member,Female,Food and beverages,73.05,10,3/3/2019,12:25,Credit card,8.7
326-71-2155,Naypyitaw,Normal,Female,Sports and travel,73.95,4,2/3/2019,10:02,Cash,6.1
320-32-8842,Naypyitaw,Member,Female,Food and beverages,22.62,1,3/17/2019,18:58,Cash,6.4
470-32-9057,Yangon,Member,Male,Food and beverages,51.34,5,3/28/2019,15:31,Credit card,9.1
878-30-2331,Naypyitaw,Member,Female,Sports and travel,54.55,10,3/2/2019,11:22,Credit card,7.1
440-59-5691,Naypyitaw,Member,Female,Health and beauty,37.15,7,2/8/2019,13:12,Credit card,7.7
554-53-3790,Mandalay,Normal,Male,Sports and travel,37.02,6,3/22/2019,18:33,Cash,4.5
746-19-0921,Naypyitaw,Normal,Male,Food and beverages,21.58,1,2/9/2019,10:02,Ewallet,7.2
233-34-0817,Naypyitaw,Member,Female,Electronic accessories,98.84,1,2/15/2019,11:21,Cash,8.4
767-05-1286,Naypyitaw,Member,Female,Home and lifestyle,83.77,6,1/23/2019,12:10,Ewallet,5.4
340-21-9136,Yangon,Member,Female,Sports and travel,40.05,4,1/25/2019,11:40,Cash,9.7
405-31-3305,Yangon,Member,Male,Fashion accessories,43.13,10,2/2/2019,18:31,Credit card,5.5
731-59-7531,Mandalay,Member,Male,Health and beauty,72.57,8,3/30/2019,17:58,Cash,4.6
676-39-6028,Yangon,Member,Female,Electronic accessories,64.44,5,3/30/2019,17:04,Cash,6.6
502-05-1910,Yangon,Normal,Male,Health and beauty,65.18,3,2/25/2019,20:35,Credit card,6.3
485-30-8700,Yangon,Normal,Female,Sports and travel,33.26,5,3/18/2019,16:10,Credit card,4.2
598-47-9715,Naypyitaw,Normal,Male,Electronic accessories,84.07,4,3/7/2019,16:54,Ewallet,4.4
701-69-8742,Mandalay,Normal,Male,Sports and travel,34.37,10,3/16/2019,10:11,Ewallet,6.7
575-67-1508,Yangon,Normal,Male,Electronic accessories,38.6,1,1/29/2019,11:26,Ewallet,6.7
541-08-3113,Naypyitaw,Normal,Male,Food and beverages,65.97,8,2/2/2019,20:29,Cash,8.4
246-11-3901,Naypyitaw,Normal,Female,Electronic accessories,32.8,10,2/15/2019,12:12,Cash,6.2
674-15-9296,Yangon,Normal,Male,Sports and travel,37.14,5,1/8/2019,13:05,Ewallet,5
305-18-3552,Mandalay,Member,Male,Home and lifestyle,60.38,10,2/12/2019,16:19,Cash,6
493-65-6248,Naypyitaw,Member,Female,Sports and travel,36.98,10,1/1/2019,19:48,Credit card,7
438-01-4015,Mandalay,Member,Female,Sports and travel,49.49,4,3/21/2019,15:25,Ewallet,6.6
709-58-4068,Mandalay,Normal,Female,Fashion accessories,41.09,10,2/28/2019,14:42,Cash,7.3
795-49-7276,Yangon,Normal,Male,Fashion accessories,37.15,4,3/23/2019,18:59,Ewallet,8.3
556-72-8512,Naypyitaw,Normal,Male,Home and lifestyle,22.96,1,1/30/2019,20:47,Cash,4.3
627-95-3243,Mandalay,Member,Female,Home and lifestyle,77.68,9,2/4/2019,13:21,Ewallet,9.8
686-41-0932,Mandalay,Normal,Female,Fashion accessories,34.7,2,3/13/2019,19:48,Ewallet,8.2
510-09-5628,Yangon,Member,Female,Fashion accessories,19.66,10,3/15/2019,18:20,Credit card,7.2
608-04-3797,Mandalay,Member,Female,Health and beauty,25.32,8,3/5/2019,20:24,Ewallet,8.7
148-82-2527,Naypyitaw,Member,Female,Home and lifestyle,12.12,10,3/5/2019,13:44,Credit card,8.4
437-53-3084,Mandalay,Normal,Male,Fashion accessories,99.89,2,2/26/2019,11:48,Ewallet,7.1
632-32-4574,Mandalay,Normal,Male,Sports and travel,75.92,8,3/20/2019,14:14,Cash,5.5
556-97-7101,Naypyitaw,Normal,Female,Electronic accessories,63.22,2,1/1/2019,15:51,Cash,8.5
862-59-8517,Naypyitaw,Normal,Female,Food and beverages,90.24,6,1/27/2019,11:17,Cash,6.2
401-18-8016,Mandalay,Member,Female,Sports and travel,98.13,1,1/21/2019,17:36,Cash,8.9
420-18-8989,Yangon,Member,Female,Sports and travel,51.52,8,2/2/2019,15:47,Cash,9.6
277-63-2961,Mandalay,Member,Male,Sports and travel,73.97,1,2/3/2019,15:53,Credit card,5.4
573-98-8548,Naypyitaw,Member,Female,Fashion accessories,31.9,1,1/5/2019,12:40,Ewallet,9.1
620-02-2046,Naypyitaw,Normal,Male,Home and lifestyle,69.4,2,1/27/2019,19:48,Ewallet,9
282-35-2475,Mandalay,Normal,Female,Sports and travel,93.31,2,3/25/2019,17:53,Cash,6.3
511-54-3087,Mandalay,Normal,Male,Sports and travel,88.45,1,2/25/2019,16:36,Credit card,9.5
726-29-6793,Yangon,Member,Male,Electronic accessories,24.18,8,1/28/2019,20:54,Ewallet,9.8
387-49-4215,Mandalay,Member,Female,Sports and travel,48.5,3,1/8/2019,12:50,Cash,6.7
862-17-9201,Mandalay,Normal,Female,Food and beverages,84.05,6,1/29/2019,10:48,Credit card,7.7
291-21-5991,Mandalay,Member,Male,Health and beauty,61.29,5,3/29/2019,14:28,Cash,7
602-80-9671,Naypyitaw,Member,Female,Home and lifestyle,15.95,6,2/9/2019,17:15,Credit card,5.1
347-72-6115,Mandalay,Member,Female,Sports and travel,90.74,7,1/16/2019,18:03,Credit card,6.2
209-61-0206,Yangon,Normal,Female,Home and lifestyle,42.91,5,1/5/2019,17:29,Ewallet,6.1
595-27-4851,Yangon,Normal,Female,Fashion accessories,54.28,7,1/27/2019,18:05,Ewallet,9.3
189-52-0236,Yangon,Normal,Male,Electronic accessories,99.55,7,3/14/2019,12:07,Cash,7.6
503-07-0930,Naypyitaw,Member,Male,Sports and travel,58.39,7,2/23/2019,19:49,Credit card,8.2
413-20-6708,Naypyitaw,Member,Female,Fashion accessories,51.47,1,3/18/2019,15:52,Ewallet,8.5
425-85-2085,Mandalay,Member,Male,Health and beauty,54.86,5,3/29/2019,16:48,Ewallet,9.8
521-18-7827,Naypyitaw,Member,Male,Home and lifestyle,39.39,5,1/22/2019,20:46,Credit card,8.7
220-28-1851,Yangon,Normal,Male,Home and lifestyle,34.73,2,3/1/2019,18:14,Ewallet,9.7
600-38-9738,Naypyitaw,Member,Male,Sports and travel,71.92,5,1/17/2019,15:05,Credit card,4.3
734-91-1155,Mandalay,Normal,Female,Electronic accessories,45.71,3,3/26/2019,10:34,Credit card,7.7
451-28-5717,Naypyitaw,Member,Female,Home and lifestyle,83.17,6,3/20/2019,11:23,Cash,7.3
609-81-8548,Yangon,Member,Female,Home and lifestyle,37.44,6,2/6/2019,13:55,Credit card,5.9
133-14-7229,Naypyitaw,Normal,Male,Health and beauty,62.87,2,1/1/2019,11:43,Cash,5
534-01-4457,Yangon,Normal,Male,Food and beverages,81.71,6,1/27/2019,14:36,Credit card,8
719-89-8991,Yangon,Member,Female,Sports and travel,91.41,5,2/25/2019,16:03,Ewallet,7.1
286-62-6248,Mandalay,Normal,Male,Fashion accessories,39.21,4,1/16/2019,20:03,Credit card,9
339-38-9982,Mandalay,Member,Male,Fashion accessories,59.86,2,1/13/2019,14:55,Ewallet,6.7
827-44-5872,Mandalay,Member,Female,Food and beverages,54.36,10,2/7/2019,11:28,Credit card,6.1
827-77-7633,Yangon,Normal,Male,Sports and travel,98.09,9,2/17/2019,19:41,Cash,9.3
287-83-1405,Yangon,Normal,Male,Health and beauty,25.43,6,2/12/2019,19:01,Ewallet,7
435-13-4908,Yangon,Member,Male,Fashion accessories,86.68,8,1/24/2019,18:04,Credit card,7.2
857-67-9057,Mandalay,Normal,Male,Electronic accessories,22.95,10,2/6/2019,19:20,Ewallet,8.2
236-27-1144,Naypyitaw,Normal,Female,Food and beverages,16.31,9,3/26/2019,10:31,Ewallet,8.4
892-05-6689,Yangon,Normal,Female,Home and lifestyle,28.32,5,3/11/2019,13:28,Ewallet,6.2
583-41-4548,Naypyitaw,Normal,Male,Home and lifestyle,16.67,7,2/7/2019,11:36,Ewallet,7.4
339-12-4827,Mandalay,Member,Female,Fashion accessories,73.96,1,1/5/2019,11:32,Credit card,5
643-38-7867,Yangon,Normal,Male,Home and lifestyle,97.94,1,3/7/2019,11:44,Ewallet,6.9
308-81-0538,Yangon,Normal,Female,Fashion accessories,73.05,4,2/25/2019,17:16,Credit card,4.9
358-88-9262,Naypyitaw,Member,Female,Food and beverages,87.48,6,2/1/2019,18:43,Ewallet,5.1
460-35-4390,Yangon,Normal,Male,Home and lifestyle,30.68,3,1/22/2019,11:00,Ewallet,9.1
343-87-0864,Naypyitaw,Member,Male,Health and beauty,75.88,1,1/3/2019,10:30,Credit card,7.1
173-50-1108,Mandalay,Member,Female,Sports and travel,20.18,4,2/13/2019,12:14,Credit card,5
243-47-2663,Naypyitaw,Member,Male,Electronic accessories,18.77,6,1/28/2019,16:43,Credit card,5.5
841-18-8232,Mandalay,Normal,Female,Food and beverages,71.2,1,1/5/2019,20:40,Credit card,9.2
701-23-5550,Mandalay,Member,Male,Home and lifestyle,38.81,4,3/19/2019,13:40,Ewallet,4.9
647-50-1224,Yangon,Normal,Female,Fashion accessories,29.42,10,1/12/2019,16:23,Ewallet,8.9
541-48-8554,Yangon,Normal,Male,Sports and travel,60.95,9,1/7/2019,12:08,Credit card,6
539-21-7227,Mandalay,Normal,Female,Sports and travel,51.54,5,1/26/2019,17:45,Cash,4.2
213-32-1216,Yangon,Normal,Female,Electronic accessories,66.06,6,1/23/2019,10:28,Cash,7.3
747-58-7183,Mandalay,Normal,Male,Fashion accessories,57.27,3,2/9/2019,20:31,Ewallet,6.5
582-52-8065,Mandalay,Normal,Female,Fashion accessories,54.31,9,2/22/2019,10:49,Cash,8.9
210-57-1719,Mandalay,Normal,Female,Health and beauty,58.24,9,2/5/2019,12:34,Cash,9.7
399-69-4630,Naypyitaw,Normal,Male,Electronic accessories,22.21,6,3/7/2019,10:23,Credit card,8.6
134-75-2619,Yangon,Member,Male,Electronic accessories,19.32,7,3/25/2019,18:51,Cash,6.9
356-44-8813,Mandalay,Normal,Male,Home and lifestyle,37.48,3,1/20/2019,13:45,Credit card,7.7
198-66-9832,Mandalay,Member,Female,Fashion accessories,72.04,2,2/4/2019,19:38,Cash,9.5
283-26-5248,Naypyitaw,Member,Female,Food and beverages,98.52,10,1/30/2019,20:23,Ewallet,4.5
712-39-0363,Yangon,Member,Male,Food and beverages,41.66,6,1/2/2019,15:24,Ewallet,5.6
218-59-9410,Yangon,Member,Female,Home and lifestyle,72.42,3,3/29/2019,16:54,Ewallet,8.2
174-75-0888,Mandalay,Normal,Male,Electronic accessories,21.58,9,3/14/2019,12:32,Cash,7.3
866-99-7614,Naypyitaw,Normal,Male,Food and beverages,89.2,10,2/11/2019,15:42,Credit card,4.4
134-54-4720,Mandalay,Normal,Female,Electronic accessories,42.42,8,1/30/2019,13:58,Ewallet,5.7
760-90-2357,Yangon,Member,Male,Electronic accessories,74.51,6,3/20/2019,15:08,Ewallet,5
514-37-2845,Mandalay,Normal,Male,Fashion accessories,99.25,2,3/20/2019,13:02,Cash,9
698-98-5964,Yangon,Normal,Female,Food and beverages,81.21,10,1/17/2019,13:01,Credit card,6.3
718-57-9773,Naypyitaw,Normal,Female,Sports and travel,49.33,10,2/3/2019,16:40,Credit card,9.4
651-88-7328,Yangon,Normal,Female,Fashion accessories,65.74,9,1/1/2019,13:55,Cash,7.7
241-11-2261,Mandalay,Normal,Female,Fashion accessories,79.86,7,1/10/2019,10:33,Credit card,5.5
408-26-9866,Naypyitaw,Normal,Female,Sports and travel,73.98,7,3/2/2019,16:42,Ewallet,4.1
834-83-1826,Mandalay,Member,Female,Home and lifestyle,82.04,5,2/25/2019,17:16,Credit card,7.6
343-61-3544,Mandalay,Member,Male,Sports and travel,26.67,10,1/29/2019,11:48,Cash,8.6
239-48-4278,Yangon,Member,Male,Food and beverages,10.13,7,3/10/2019,19:35,Ewallet,8.3
355-34-6244,Mandalay,Normal,Male,Food and beverages,72.39,2,1/13/2019,19:55,Credit card,8.1
550-84-8664,Yangon,Normal,Male,Sports and travel,85.91,5,3/22/2019,14:33,Credit card,8.6
339-96-8318,Mandalay,Member,Male,Fashion accessories,81.31,7,3/1/2019,19:49,Ewallet,6.3
458-61-0011,Mandalay,Normal,Male,Food and beverages,60.3,4,2/20/2019,18:43,Cash,5.8
592-34-6155,Naypyitaw,Normal,Male,Food and beverages,31.77,4,1/14/2019,14:43,Ewallet,6.2
797-88-0493,Yangon,Normal,Female,Health and beauty,64.27,4,3/26/2019,13:54,Cash,7.7
207-73-1363,Mandalay,Normal,Male,Health and beauty,69.51,2,3/1/2019,12:15,Ewallet,8.1
390-31-6381,Naypyitaw,Normal,Male,Food and beverages,27.22,3,1/7/2019,12:37,Cash,7.3
443-82-0585,Yangon,Member,Female,Health and beauty,77.68,4,2/1/2019,19:54,Cash,8.4
339-18-7061,Naypyitaw,Member,Female,Fashion accessories,92.98,2,2/13/2019,15:06,Credit card,8
359-90-3665,Mandalay,Member,Female,Fashion accessories,18.08,4,1/14/2019,18:03,Credit card,9.5
375-72-3056,Mandalay,Normal,Male,Sports and travel,63.06,3,1/19/2019,15:58,Ewallet,7
127-47-6963,Yangon,Normal,Male,Health and beauty,51.71,4,3/9/2019,13:53,Credit card,9.8
278-86-2735,Yangon,Normal,Female,Food and beverages,52.34,3,3/27/2019,14:03,Cash,9.2
695-28-6250,Yangon,Normal,Female,Sports and travel,43.06,5,2/4/2019,16:38,Ewallet,7.7
379-17-6588,Naypyitaw,Normal,Male,Fashion accessories,59.61,10,3/14/2019,11:07,Cash,5.3
227-50-3718,Yangon,Normal,Male,Health and beauty,14.62,5,3/4/2019,12:23,Cash,4.4
302-15-2162,Naypyitaw,Member,Male,Health and beauty,46.53,6,3/3/2019,10:54,Credit card,4.3
788-07-8452,Naypyitaw,Member,Female,Home and lifestyle,24.24,7,1/27/2019,17:38,Ewallet,9.4
560-49-6611,Yangon,Member,Female,Sports and travel,45.58,1,2/7/2019,14:13,Cash,9.8
880-35-0356,Yangon,Member,Female,Sports and travel,75.2,3,2/5/2019,11:51,Ewallet,4.8
585-11-6748,Mandalay,Member,Male,Sports and travel,96.8,3,3/15/2019,13:05,Cash,5.3
470-31-3286,Mandalay,Normal,Male,Health and beauty,14.82,3,3/1/2019,11:30,Credit card,8.7
152-68-2907,Yangon,Normal,Male,Food and beverages,52.2,3,2/15/2019,13:30,Credit card,9.5
123-35-4896,Naypyitaw,Normal,Female,Sports and travel,46.66,9,2/17/2019,19:11,Ewallet,5.3
258-69-7810,Naypyitaw,Normal,Female,Fashion accessories,36.85,5,1/26/2019,18:53,Cash,9.2
334-64-2006,Yangon,Member,Female,Home and lifestyle,70.32,2,3/24/2019,14:22,Ewallet,9.6
219-61-4139,Naypyitaw,Normal,Male,Electronic accessories,83.08,1,1/23/2019,17:16,Ewallet,6.4
881-41-7302,Naypyitaw,Normal,Female,Fashion accessories,64.99,1,1/26/2019,10:06,Credit card,4.5
373-09-4567,Naypyitaw,Normal,Male,Food and beverages,77.56,10,3/14/2019,20:35,Ewallet,6.9
642-30-6693,Mandalay,Normal,Female,Sports and travel,54.51,6,3/17/2019,13:54,Ewallet,7.8
484-22-8230,Naypyitaw,Member,Female,Fashion accessories,51.89,7,1/8/2019,20:08,Cash,4.5
830-58-2383,Mandalay,Normal,Male,Home and lifestyle,31.75,4,2/8/2019,15:26,Cash,8.6
559-98-9873,Yangon,Member,Female,Fashion accessories,53.65,7,2/10/2019,12:56,Ewallet,5.2
544-32-5024,Naypyitaw,Member,Female,Food and beverages,49.79,4,3/28/2019,19:16,Credit card,6.4
318-12-0304,Yangon,Normal,Male,Fashion accessories,30.61,1,1/23/2019,12:20,Ewallet,5.2
349-97-8902,Mandalay,Member,Male,Food and beverages,57.89,2,1/17/2019,10:37,Ewallet,8.9
421-95-9805,Yangon,Normal,Female,Electronic accessories,28.96,1,2/7/2019,10:18,Credit card,6.2
277-35-5865,Naypyitaw,Member,Female,Food and beverages,98.97,9,3/9/2019,11:23,Cash,6.7
789-23-8625,Mandalay,Member,Male,Fashion accessories,93.22,3,1/24/2019,11:45,Cash,7.2
284-54-4231,Naypyitaw,Member,Male,Sports and travel,80.93,1,1/19/2019,16:08,Credit card,9
443-59-0061,Yangon,Member,Male,Food and beverages,67.45,10,2/3/2019,11:25,Ewallet,4.2
509-29-3912,Yangon,Member,Female,Sports and travel,38.72,9,3/20/2019,12:24,Ewallet,4.2
327-40-9673,Mandalay,Member,Male,Sports and travel,72.6,6,1/13/2019,19:51,Cash,6.9
840-19-2096,Naypyitaw,Member,Male,Electronic accessories,87.91,5,3/14/2019,18:10,Ewallet,4.4
828-46-6863,Yangon,Member,Male,Food and beverages,98.53,6,1/23/2019,11:22,Credit card,4
641-96-3695,Naypyitaw,Member,Female,Fashion accessories,43.46,6,2/7/2019,17:55,Ewallet,8.5
420-97-3340,Yangon,Normal,Female,Food and beverages,71.68,3,3/28/2019,15:30,Credit card,9.2
436-54-4512,Yangon,Member,Female,Food and beverages,91.61,1,3/20/2019,19:44,Cash,9.8
670-79-6321,Mandalay,Member,Female,Home and lifestyle,94.59,7,1/17/2019,15:27,Credit card,4.9
852-62-7105,Mandalay,Normal,Female,Fashion accessories,83.25,10,1/12/2019,11:25,Credit card,4.4
598-06-7312,Mandalay,Member,Male,Fashion accessories,91.35,1,2/16/2019,15:42,Cash,6.8
135-13-8269,Mandalay,Member,Female,Food and beverages,78.88,2,1/26/2019,16:04,Cash,9.1
816-57-2053,Yangon,Normal,Male,Sports and travel,60.87,2,3/9/2019,12:37,Ewallet,8.7
628-90-8624,Mandalay,Member,Male,Health and beauty,82.58,10,3/14/2019,14:41,Cash,5
856-66-2701,Yangon,Member,Male,Home and lifestyle,53.3,3,1/25/2019,14:19,Ewallet,7.5
308-39-1707,Yangon,Normal,Female,Fashion accessories,12.09,1,1/26/2019,18:19,Credit card,8.2
149-61-1929,Yangon,Normal,Male,Sports and travel,64.19,10,1/19/2019,14:08,Credit card,6.7
655-07-2265,Yangon,Normal,Male,Electronic accessories,78.31,3,3/5/2019,16:38,Ewallet,5.4
589-02-8023,Yangon,Member,Male,Food and beverages,83.77,2,1/15/2019,10:54,Credit card,7
420-04-7590,Mandalay,Normal,Male,Home and lifestyle,99.7,3,3/18/2019,11:29,Ewallet,4.7
182-88-2763,Mandalay,Member,Male,Food and beverages,79.91,3,3/20/2019,19:28,Credit card,5
188-55-0967,Mandalay,Member,Male,Health and beauty,66.47,10,1/15/2019,15:01,Credit card,5
610-46-4100,Yangon,Normal,Male,Health and beauty,28.95,7,3/3/2019,20:31,Credit card,6
318-81-2368,Naypyitaw,Normal,Female,Electronic accessories,46.2,1,3/19/2019,12:16,Cash,6.3
364-33-8584,Mandalay,Member,Female,Food and beverages,17.63,5,3/8/2019,15:27,Cash,8.5
665-63-9737,Mandalay,Normal,Male,Fashion accessories,52.42,3,2/27/2019,17:36,Ewallet,7.5
695-09-5146,Mandalay,Member,Female,Food and beverages,98.79,3,2/23/2019,20:00,Ewallet,6.4
155-45-3814,Naypyitaw,Member,Female,Electronic accessories,88.55,8,3/19/2019,15:29,Ewallet,4.7
794-32-2436,Mandalay,Member,Male,Electronic accessories,55.67,2,3/27/2019,15:08,Ewallet,6
131-15-8856,Naypyitaw,Member,Female,Food and beverages,72.52,8,3/30/2019,19:26,Credit card,4
273-84-2164,Naypyitaw,Member,Male,Electronic accessories,12.05,5,2/16/2019,15:53,Ewallet,5.5
706-36-6154,Yangon,Member,Male,Home and lifestyle,19.36,9,1/18/2019,18:43,Ewallet,8.7
778-89-7974,Naypyitaw,Normal,Male,Health and beauty,70.21,6,3/30/2019,14:58,Cash,7.4
574-31-8277,Mandalay,Member,Male,Fashion accessories,33.63,1,3/20/2019,19:55,Cash,5.6
859-71-0933,Naypyitaw,Member,Female,Sports and travel,15.49,2,1/16/2019,15:10,Cash,6.3
740-11-5257,Naypyitaw,Normal,Male,Electronic accessories,24.74,10,2/24/2019,16:44,Cash,7.1
369-82-2676,Mandalay,Normal,Male,Electronic accessories,75.66,5,1/15/2019,18:22,Ewallet,7.8
563-47-4072,Mandalay,Normal,Female,Health and beauty,55.81,6,1/22/2019,11:52,Cash,9.9
742-04-5161,Yangon,Member,Male,Home and lifestyle,72.78,10,2/3/2019,17:24,Cash,7.3
149-15-7606,Mandalay,Member,Male,Sports and travel,37.32,9,3/6/2019,15:31,Ewallet,5.1
133-77-3154,Mandalay,Member,Male,Fashion accessories,60.18,4,2/16/2019,18:04,Credit card,9.4
169-52-4504,Yangon,Normal,Female,Electronic accessories,15.69,3,3/14/2019,14:13,Credit card,5.8
250-81-7186,Naypyitaw,Normal,Female,Electronic accessories,99.69,1,2/27/2019,10:23,Credit card,8
562-12-5430,Yangon,Member,Female,Fashion accessories,88.15,3,1/18/2019,10:11,Ewallet,7.9
816-72-8853,Yangon,Member,Female,Sports and travel,27.93,5,1/29/2019,15:48,Cash,5.9
491-38-3499,Yangon,Member,Male,Fashion accessories,55.45,1,2/26/2019,17:46,Credit card,4.9
322-02-2271,Mandalay,Normal,Female,Sports and travel,42.97,3,2/3/2019,11:46,Cash,9.3
842-29-4695,Naypyitaw,Member,Male,Sports and travel,17.14,7,1/16/2019,12:07,Credit card,7.9
725-67-2480,Mandalay,Member,Female,Fashion accessories,58.75,6,3/24/2019,18:14,Credit card,5.9
641-51-2661,Naypyitaw,Member,Female,Food and beverages,87.1,10,2/12/2019,14:45,Credit card,9.9
714-02-3114,Naypyitaw,Normal,Female,Sports and travel,98.8,2,2/21/2019,11:39,Cash,7.7
518-17-2983,Yangon,Normal,Female,Fashion accessories,48.63,4,2/4/2019,15:44,Ewallet,7.6
779-42-2410,Mandalay,Member,Male,Food and beverages,57.74,3,2/20/2019,13:06,Ewallet,7.7
190-14-3147,Mandalay,Normal,Female,Health and beauty,17.97,4,2/23/2019,20:43,Ewallet,6.4
408-66-6712,Naypyitaw,Member,Female,Health and beauty,47.71,6,2/16/2019,14:19,Ewallet,4.4
679-22-6530,Mandalay,Normal,Female,Sports and travel,40.62,2,1/17/2019,10:01,Credit card,4.1
588-47-8641,Yangon,Member,Male,Fashion accessories,56.04,10,1/14/2019,19:30,Ewallet,4.4
642-61-4706,Mandalay,Member,Male,Food and beverages,93.4,2,3/30/2019,16:34,Cash,5.5
576-31-4774,Mandalay,Normal,Female,Health and beauty,73.41,3,3/2/2019,13:10,Ewallet,4
556-41-6224,Naypyitaw,Normal,Male,Health and beauty,33.64,8,2/15/2019,17:10,Credit card,9.3
811-03-8790,Yangon,Normal,Female,Electronic accessories,45.48,10,3/1/2019,10:22,Credit card,4.8
242-11-3142,Mandalay,Member,Male,Fashion accessories,83.77,2,2/24/2019,19:57,Cash,4.6
752-23-3760,Mandalay,Member,Female,Sports and travel,64.08,7,2/19/2019,19:29,Credit card,7.3
274-05-5470,Yangon,Member,Female,Food and beverages,73.47,4,2/23/2019,18:30,Cash,6
648-94-3045,Naypyitaw,Normal,Male,Health and beauty,58.95,10,2/7/2019,14:27,Ewallet,8.1
130-67-4723,Yangon,Member,Male,Food and beverages,48.5,6,1/11/2019,13:57,Ewallet,9.4
528-87-5606,Mandalay,Member,Female,Electronic accessories,39.48,1,2/12/2019,19:43,Cash,6.5
320-85-2052,Mandalay,Normal,Female,Sports and travel,34.81,1,1/14/2019,10:11,Credit card,7
370-96-0655,Naypyitaw,Normal,Female,Fashion accessories,49.32,6,1/9/2019,13:46,Ewallet,7.1
105-10-6182,Yangon,Member,Male,Fashion accessories,21.48,2,2/27/2019,12:22,Ewallet,6.6
510-79-0415,Mandalay,Member,Female,Sports and travel,23.08,6,1/24/2019,19:20,Ewallet,4.9
241-96-5076,Mandalay,Member,Female,Home and lifestyle,49.1,2,1/8/2019,12:58,Credit card,6.4
767-97-4650,Mandalay,Member,Female,Sports and travel,64.83,2,1/8/2019,11:59,Credit card,8
648-83-1321,Yangon,Member,Male,Home and lifestyle,63.56,10,1/16/2019,17:59,Cash,4.3
173-57-2300,Naypyitaw,Member,Male,Sports and travel,72.88,2,3/13/2019,12:51,Cash,6.1
305-03-2383,Yangon,Normal,Female,Food and beverages,67.1,3,2/15/2019,10:36,Cash,7.5
394-55-6384,Naypyitaw,Member,Female,Sports and travel,70.19,9,1/25/2019,13:38,Cash,6.7
266-20-6657,Naypyitaw,Member,Male,Food and beverages,55.04,7,3/12/2019,19:39,Ewallet,5.2
689-05-1884,Yangon,Member,Male,Health and beauty,48.63,10,3/4/2019,12:44,Cash,8.8
196-01-2849,Naypyitaw,Member,Female,Fashion accessories,73.38,7,2/10/2019,13:56,Cash,9.5
372-62-5264,Naypyitaw,Normal,Female,Food and beverages,52.6,9,1/16/2019,14:42,Cash,7.6
800-09-8606,Yangon,Member,Female,Home and lifestyle,87.37,5,1/29/2019,19:45,Cash,6.6
182-52-7000,Yangon,Member,Female,Sports and travel,27.04,4,1/1/2019,20:26,Ewallet,6.9
826-58-8051,Mandalay,Normal,Male,Home and lifestyle,62.19,4,1/6/2019,19:46,Ewallet,4.3
868-06-0466,Yangon,Member,Male,Electronic accessories,69.58,9,2/19/2019,19:38,Credit card,7.8
751-41-9720,Naypyitaw,Normal,Male,Home and lifestyle,97.5,10,1/12/2019,16:18,Ewallet,8
626-43-7888,Naypyitaw,Normal,Female,Fashion accessories,60.41,8,2/7/2019,12:23,Ewallet,9.6
176-64-7711,Mandalay,Normal,Male,Food and beverages,32.32,3,3/27/2019,19:11,Credit card,4.3
191-29-0321,Mandalay,Member,Female,Fashion accessories,19.77,10,2/27/2019,18:57,Credit card,5
729-06-2010,Mandalay,Member,Male,Health and beauty,80.47,9,1/6/2019,11:18,Cash,9.2
640-48-5028,Mandalay,Member,Female,Home and lifestyle,88.39,9,3/2/2019,12:40,Cash,6.3
186-79-9562,Mandalay,Normal,Male,Health and beauty,71.77,7,3/29/2019,14:06,Cash,8.9
834-45-5519,Mandalay,Normal,Female,Electronic accessories,43,4,1/31/2019,20:48,Ewallet,7.6
162-65-8559,Naypyitaw,Member,Male,Food and beverages,68.98,1,1/21/2019,20:13,Cash,4.8
760-27-5490,Naypyitaw,Normal,Male,Fashion accessories,15.62,8,1/20/2019,20:37,Ewallet,9.1
445-30-9252,Yangon,Normal,Male,Sports and travel,25.7,3,1/17/2019,17:59,Ewallet,6.1
786-94-2700,Yangon,Member,Male,Food and beverages,80.62,6,2/28/2019,20:18,Cash,9.1
728-88-7867,Naypyitaw,Member,Female,Home and lifestyle,75.53,4,3/19/2019,15:52,Ewallet,8.3
183-21-3799,Naypyitaw,Normal,Female,Electronic accessories,77.63,9,2/19/2019,15:14,Ewallet,7.2
268-20-3585,Naypyitaw,Normal,Female,Health and beauty,13.85,9,2/4/2019,12:50,Ewallet,6
735-32-9839,Naypyitaw,Member,Male,Fashion accessories,98.7,8,1/31/2019,10:36,Ewallet,8.5
258-92-7466,Yangon,Normal,Female,Health and beauty,35.68,5,2/6/2019,18:33,Credit card,6.6
857-16-3520,Yangon,Member,Female,Fashion accessories,71.46,7,3/28/2019,16:06,Ewallet,4.5
482-17-1179,Yangon,Member,Male,Electronic accessories,11.94,3,1/19/2019,12:47,Credit card,8.1
788-21-5741,Yangon,Normal,Male,Fashion accessories,45.38,3,2/17/2019,13:34,Credit card,7.2
821-14-9046,Mandalay,Member,Female,Fashion accessories,17.48,6,1/18/2019,15:04,Credit card,6.1
418-05-0656,Mandalay,Normal,Female,Fashion accessories,25.56,7,2/2/2019,20:42,Cash,7.1
678-79-0726,Naypyitaw,Member,Female,Sports and travel,90.63,9,1/18/2019,15:28,Cash,5.1
776-68-1096,Mandalay,Normal,Male,Home and lifestyle,44.12,3,3/18/2019,13:45,Credit card,7.9
592-46-1692,Naypyitaw,Member,Female,Food and beverages,36.77,7,1/11/2019,20:10,Cash,7.4
434-35-9162,Mandalay,Member,Male,Food and beverages,23.34,4,2/4/2019,18:53,Ewallet,7.4
149-14-0304,Naypyitaw,Member,Female,Health and beauty,28.5,8,2/6/2019,14:24,Cash,6.6
442-44-6497,Naypyitaw,Member,Male,Home and lifestyle,55.57,3,1/8/2019,11:42,Credit card,5.9
174-64-0215,Mandalay,Normal,Male,Sports and travel,69.74,10,3/5/2019,17:49,Credit card,8.9
210-74-9613,Naypyitaw,Normal,Male,Fashion accessories,97.26,4,3/16/2019,15:33,Ewallet,6.8
299-29-0180,Mandalay,Member,Female,Home and lifestyle,52.18,7,3/9/2019,10:54,Cash,9.3
247-11-2470,Yangon,Member,Female,Fashion accessories,22.32,4,3/1/2019,16:23,Credit card,4.4
635-28-5728,Yangon,Normal,Male,Health and beauty,56,3,2/28/2019,19:33,Ewallet,4.8
756-49-0168,Yangon,Member,Male,Fashion accessories,19.7,1,2/8/2019,11:39,Ewallet,9.5
438-23-1242,Mandalay,Normal,Male,Electronic accessories,75.88,7,1/24/2019,10:38,Ewallet,8.9
238-45-6950,Mandalay,Member,Male,Food and beverages,53.72,1,3/1/2019,20:03,Ewallet,6.4
607-65-2441,Naypyitaw,Member,Male,Health and beauty,81.95,10,3/10/2019,12:39,Credit card,6
386-27-7606,Naypyitaw,Member,Female,Home and lifestyle,81.2,7,3/23/2019,15:59,Credit card,8.1
137-63-5492,Naypyitaw,Normal,Male,Electronic accessories,58.76,10,1/29/2019,14:26,Ewallet,9
197-77-7132,Mandalay,Member,Male,Electronic accessories,91.56,8,1/12/2019,18:22,Ewallet,6
805-86-0265,Yangon,Normal,Male,Home and lifestyle,93.96,9,3/20/2019,11:32,Cash,9.8
733-29-1227,Naypyitaw,Normal,Male,Home and lifestyle,55.61,7,3/23/2019,12:41,Cash,8.5
451-73-2711,Naypyitaw,Normal,Male,Food and beverages,84.83,1,1/14/2019,15:20,Ewallet,8.8
373-14-0504,Yangon,Member,Female,Sports and travel,71.63,2,2/12/2019,14:33,Ewallet,8.8
546-80-2899,Yangon,Member,Male,Home and lifestyle,37.69,2,2/20/2019,15:29,Ewallet,9.5
345-68-9016,Naypyitaw,Member,Female,Sports and travel,31.67,8,1/2/2019,16:19,Credit card,5.6
390-17-5806,Naypyitaw,Member,Female,Food and beverages,38.42,1,2/2/2019,16:33,Cash,8.6
457-13-1708,Mandalay,Member,Male,Fashion accessories,65.23,10,1/8/2019,19:07,Credit card,5.2
664-14-2882,Naypyitaw,Member,Female,Home and lifestyle,10.53,5,1/30/2019,14:43,Credit card,5.8
487-79-6868,Mandalay,Member,Female,Home and lifestyle,12.29,9,3/26/2019,19:28,Credit card,8
314-23-4520,Naypyitaw,Member,Male,Health and beauty,81.23,7,1/15/2019,20:44,Cash,9
210-30-7976,Mandalay,Member,Female,Fashion accessories,22.32,4,3/14/2019,11:16,Ewallet,4.1
585-86-8361,Yangon,Normal,Female,Food and beverages,27.28,5,2/3/2019,10:31,Credit card,8.6
807-14-7833,Yangon,Member,Female,Electronic accessories,17.42,10,2/22/2019,12:30,Ewallet,7
775-72-1988,Mandalay,Normal,Male,Home and lifestyle,73.28,5,1/24/2019,15:05,Ewallet,8.4
288-38-3758,Naypyitaw,Member,Female,Fashion accessories,84.87,3,1/25/2019,18:30,Ewallet,7.4
652-43-6591,Yangon,Normal,Female,Fashion accessories,97.29,8,3/9/2019,13:18,Credit card,6.2
785-96-0615,Mandalay,Member,Female,Electronic accessories,35.74,8,2/17/2019,15:28,Ewallet,4.9
406-46-7107,Yangon,Normal,Female,Home and lifestyle,96.52,6,1/11/2019,11:52,Cash,4.5
250-17-5703,Yangon,Member,Male,Food and beverages,18.85,10,2/27/2019,18:24,Ewallet,5.6
156-95-3964,Yangon,Normal,Female,Food and beverages,55.39,4,3/25/2019,15:19,Ewallet,8
842-40-8179,Mandalay,Member,Female,Food and beverages,77.2,10,2/11/2019,10:38,Credit card,5.6
525-09-8450,Mandalay,Normal,Male,Electronic accessories,72.13,10,1/31/2019,15:12,Credit card,4.2
410-67-1709,Yangon,Member,Female,Fashion accessories,63.88,8,1/20/2019,17:48,Ewallet,9.9
587-73-4862,Yangon,Member,Female,Health and beauty,10.69,5,3/26/2019,11:07,Ewallet,7.6
787-87-2010,Yangon,Member,Male,Health and beauty,55.5,4,1/20/2019,15:48,Credit card,6.6
593-14-4239,Mandalay,Normal,Female,Home and lifestyle,95.46,8,3/5/2019,19:40,Ewallet,4.7
801-88-0346,Naypyitaw,Normal,Female,Fashion accessories,76.06,3,1/5/2019,20:30,Credit card,9.8
388-76-2555,Mandalay,Normal,Male,Sports and travel,13.69,6,2/13/2019,13:59,Cash,6.3
711-31-1234,Mandalay,Normal,Female,Electronic accessories,95.64,4,3/16/2019,18:51,Cash,7.9
886-54-6089,Yangon,Normal,Female,Home and lifestyle,11.43,6,1/15/2019,17:24,Cash,7.7
707-32-7409,Mandalay,Member,Female,Sports and travel,95.54,4,2/26/2019,11:58,Ewallet,4.5
759-98-4285,Naypyitaw,Member,Female,Health and beauty,85.87,7,2/27/2019,19:01,Credit card,8
201-63-8275,Naypyitaw,Member,Female,Sports and travel,67.99,7,2/17/2019,16:50,Ewallet,5.7
471-06-8611,Naypyitaw,Normal,Female,Food and beverages,52.42,1,2/6/2019,10:22,Credit card,6.3
200-16-5952,Naypyitaw,Member,Male,Food and beverages,65.65,2,1/17/2019,16:46,Cash,6
120-54-2248,Mandalay,Normal,Female,Food and beverages,28.86,5,1/22/2019,18:08,Credit card,8
102-77-2261,Naypyitaw,Member,Male,Health and beauty,65.31,7,3/5/2019,18:02,Credit card,4.2
875-31-8302,Mandalay,Normal,Male,Sports and travel,93.38,1,1/3/2019,13:07,Cash,9.6
102-06-2002,Naypyitaw,Member,Male,Sports and travel,25.25,5,3/20/2019,17:52,Cash,6.1
457-94-0464,Mandalay,Member,Male,Electronic accessories,87.87,9,1/31/2019,20:32,Ewallet,5.6
629-42-4133,Naypyitaw,Normal,Male,Health and beauty,21.8,8,2/19/2019,19:24,Cash,8.3
534-53-3526,Yangon,Normal,Female,Sports and travel,94.76,4,2/11/2019,16:06,Ewallet,7.8
307-04-2070,Yangon,Member,Female,Fashion accessories,30.62,1,2/5/2019,14:14,Credit card,4.1
468-99-7231,Naypyitaw,Normal,Female,Home and lifestyle,44.01,8,3/3/2019,17:36,Cash,8.8
516-77-6464,Naypyitaw,Member,Female,Health and beauty,10.16,5,2/24/2019,13:08,Ewallet,4.1
404-91-5964,Yangon,Normal,Male,Electronic accessories,74.58,7,2/4/2019,16:09,Credit card,9
886-77-9084,Naypyitaw,Normal,Male,Electronic accessories,71.89,8,2/19/2019,11:33,Ewallet,5.5
790-38-4466,Naypyitaw,Normal,Female,Health and beauty,10.99,5,1/23/2019,10:18,Credit card,9.3
704-10-4056,Naypyitaw,Member,Male,Health and beauty,60.47,3,1/14/2019,10:55,Credit card,5.6
497-37-6538,Yangon,Normal,Male,Sports and travel,58.91,7,1/17/2019,15:15,Ewallet,9.7
651-96-5970,Yangon,Normal,Male,Fashion accessories,46.41,1,3/3/2019,20:06,Credit card,4
400-80-4065,Naypyitaw,Member,Male,Health and beauty,68.55,4,2/15/2019,20:21,Credit card,9.2
744-16-7898,Mandalay,Normal,Female,Home and lifestyle,97.37,10,1/15/2019,13:48,Credit card,4.9
263-12-5321,Yangon,Member,Male,Electronic accessories,92.6,7,2/27/2019,12:52,Credit card,9.3
702-72-0487,Yangon,Normal,Female,Electronic accessories,46.61,2,2/26/2019,12:28,Credit card,6.6
605-83-1050,Mandalay,Normal,Male,Fashion accessories,27.18,2,3/15/2019,16:26,Ewallet,4.3
443-60-9639,Naypyitaw,Member,Female,Home and lifestyle,60.87,1,1/24/2019,13:24,Cash,5.5
864-24-7918,Yangon,Member,Female,Sports and travel,24.49,10,2/22/2019,15:15,Cash,8.1
359-94-5395,Mandalay,Normal,Male,Health and beauty,92.78,1,3/15/2019,10:50,Credit card,9.8
401-09-4232,Naypyitaw,Member,Male,Home and lifestyle,86.69,5,2/11/2019,18:38,Ewallet,9.4
751-15-6198,Mandalay,Normal,Male,Sports and travel,23.01,6,1/12/2019,16:45,Ewallet,7.9
324-41-6833,Naypyitaw,Member,Female,Electronic accessories,30.2,8,3/3/2019,19:30,Ewallet,5.1
474-33-8305,Naypyitaw,Member,Male,Fashion accessories,67.39,7,3/23/2019,13:23,Ewallet,6.9
759-29-9521,Yangon,Member,Female,Fashion accessories,48.96,9,3/4/2019,11:27,Cash,8
831-81-6575,Mandalay,Member,Female,Electronic accessories,75.59,9,2/23/2019,11:12,Cash,8
220-68-6701,Yangon,Normal,Female,Home and lifestyle,77.47,4,3/17/2019,16:36,Cash,4.2
618-34-8551,Yangon,Normal,Female,Sports and travel,93.18,2,1/16/2019,18:41,Credit card,8.5
257-60-7754,Yangon,Normal,Female,Electronic accessories,50.23,4,1/8/2019,17:12,Cash,9
559-61-5987,Mandalay,Normal,Female,Health and beauty,17.75,1,1/14/2019,10:38,Cash,8.6
189-55-2313,Naypyitaw,Normal,Female,Fashion accessories,62.18,10,1/31/2019,10:33,Ewallet,6
565-91-4567,Mandalay,Normal,Male,Health and beauty,10.75,8,3/15/2019,14:38,Ewallet,6.2
380-60-5336,Yangon,Normal,Female,Electronic accessories,40.26,10,2/24/2019,18:06,Credit card,5
815-04-6282,Naypyitaw,Member,Female,Sports and travel,64.97,5,2/8/2019,12:52,Credit card,6.5
674-56-6360,Yangon,Normal,Male,Electronic accessories,95.15,1,3/22/2019,14:00,Cash,6
778-34-2523,Yangon,Member,Female,Electronic accessories,48.62,8,1/24/2019,10:57,Cash,5
499-27-7781,Mandalay,Normal,Female,Food and beverages,53.21,8,3/14/2019,16:45,Ewallet,5
477-59-2456,Naypyitaw,Normal,Female,Fashion accessories,45.44,7,1/23/2019,11:15,Cash,9.2
832-51-6761,Yangon,Normal,Male,Food and beverages,33.88,8,1/19/2019,20:29,Ewallet,9.6
869-11-3082,Mandalay,Member,Male,Health and beauty,96.16,4,1/27/2019,20:03,Credit card,8.4
190-59-3964,Mandalay,Member,Male,Food and beverages,47.16,5,2/3/2019,14:35,Credit card,6
366-43-6862,Mandalay,Normal,Male,Electronic accessories,52.89,4,3/25/2019,16:32,Ewallet,6.7
186-43-8965,Yangon,Member,Female,Home and lifestyle,47.68,2,2/24/2019,10:10,Credit card,4.1
784-21-9238,Naypyitaw,Member,Male,Sports and travel,10.17,1,2/7/2019,14:15,Cash,5.9
276-75-6884,Yangon,Normal,Female,Health and beauty,68.71,3,3/4/2019,10:05,Cash,8.7
109-86-4363,Mandalay,Member,Female,Sports and travel,60.08,7,2/14/2019,11:36,Credit card,4.5
569-76-2760,Yangon,Member,Female,Sports and travel,22.01,4,1/29/2019,18:15,Credit card,6.6
222-42-0244,Mandalay,Member,Female,Health and beauty,72.11,9,1/28/2019,13:53,Credit card,7.7
760-53-9233,Yangon,Member,Male,Fashion accessories,41.28,3,3/26/2019,18:37,Credit card,8.5
538-22-0304,Naypyitaw,Normal,Male,Electronic accessories,64.95,10,3/24/2019,18:27,Cash,5.2
416-17-9926,Yangon,Member,Female,Electronic accessories,74.22,10,1/1/2019,14:42,Credit card,4.3
237-44-6163,Yangon,Normal,Male,Electronic accessories,10.56,8,1/24/2019,17:43,Cash,7.6
636-17-0325,Mandalay,Normal,Male,Health and beauty,62.57,4,2/25/2019,18:37,Cash,9.5
343-75-9322,Mandalay,Member,Female,Sports and travel,11.85,8,1/9/2019,16:34,Cash,4.1
528-14-9470,Yangon,Member,Male,Health and beauty,91.3,1,2/14/2019,14:42,Ewallet,9.2
427-45-9297,Mandalay,Member,Female,Home and lifestyle,40.73,7,3/12/2019,11:01,Ewallet,5.4
807-34-3742,Yangon,Normal,Male,Fashion accessories,52.38,1,3/26/2019,19:44,Cash,5.8
288-62-1085,Yangon,Member,Male,Fashion accessories,38.54,5,1/9/2019,13:34,Ewallet,5.6
670-71-7306,Mandalay,Normal,Male,Sports and travel,44.63,6,1/2/2019,20:08,Credit card,5.1
660-29-7083,Naypyitaw,Normal,Male,Electronic accessories,55.87,10,1/15/2019,15:01,Cash,5.8
271-77-8740,Naypyitaw,Member,Female,Sports and travel,29.22,6,1/1/2019,11:40,Ewallet,5
497-36-0989,Yangon,Normal,Male,Fashion accessories,51.94,3,2/15/2019,15:21,Cash,7.9
291-59-1384,Mandalay,Normal,Male,Electronic accessories,60.3,1,2/28/2019,17:38,Cash,6
860-73-6466,Yangon,Member,Female,Sports and travel,39.47,2,3/2/2019,16:16,Credit card,5
549-23-9016,Naypyitaw,Member,Female,Food and beverages,14.87,2,2/13/2019,18:15,Credit card,8.9
896-34-0956,Yangon,Normal,Male,Fashion accessories,21.32,1,1/26/2019,12:43,Cash,5.9
804-38-3935,Yangon,Member,Male,Electronic accessories,93.78,3,1/30/2019,11:32,Credit card,5.9
585-90-0249,Yangon,Member,Male,Electronic accessories,73.26,1,1/27/2019,18:08,Ewallet,9.7
862-29-5914,Naypyitaw,Normal,Female,Sports and travel,22.38,1,1/30/2019,17:08,Credit card,8.6
845-94-6841,Naypyitaw,Member,Female,Food and beverages,72.88,9,1/8/2019,19:38,Cash,4
125-45-2293,Yangon,Normal,Female,Fashion accessories,99.1,6,1/19/2019,13:11,Cash,4.2
843-73-4724,Yangon,Normal,Male,Fashion accessories,74.1,1,1/25/2019,11:05,Cash,9.2
409-33-9708,Yangon,Normal,Female,Fashion accessories,98.48,2,2/19/2019,10:12,Ewallet,9.2
658-66-3967,Naypyitaw,Normal,Male,Health and beauty,53.19,7,1/14/2019,15:42,Ewallet,5
866-70-2814,Mandalay,Normal,Female,Electronic accessories,52.79,10,2/25/2019,11:58,Ewallet,10
160-22-2687,Yangon,Member,Female,Health and beauty,95.95,5,1/23/2019,14:21,Ewallet,8.8
895-03-6665,Mandalay,Normal,Female,Fashion accessories,36.51,9,2/16/2019,10:52,Cash,4.2
770-42-8960,Mandalay,Normal,Male,Food and beverages,21.12,8,1/1/2019,19:31,Cash,6.3
748-45-2862,Yangon,Member,Female,Home and lifestyle,28.31,4,3/7/2019,18:35,Cash,8.2
234-36-2483,Mandalay,Normal,Male,Health and beauty,57.59,6,2/15/2019,13:51,Cash,5.1
316-66-3011,Yangon,Member,Female,Food and beverages,47.63,9,1/23/2019,12:35,Cash,5
848-95-6252,Naypyitaw,Member,Female,Home and lifestyle,86.27,1,2/20/2019,13:24,Ewallet,7
840-76-5966,Yangon,Member,Male,Sports and travel,12.76,2,1/8/2019,18:06,Ewallet,7.8
152-03-4217,Mandalay,Normal,Female,Home and lifestyle,11.28,9,3/17/2019,11:55,Credit card,4.3
533-66-5566,Mandalay,Normal,Female,Home and lifestyle,51.07,7,1/12/2019,11:42,Cash,7
124-31-1458,Yangon,Member,Female,Electronic accessories,79.59,3,1/8/2019,14:30,Cash,6.6
176-78-1170,Naypyitaw,Member,Male,Health and beauty,33.81,3,1/26/2019,15:11,Ewallet,7.3
361-59-0574,Mandalay,Member,Male,Sports and travel,90.53,8,3/15/2019,14:48,Credit card,6.5
101-81-4070,Naypyitaw,Member,Female,Health and beauty,62.82,2,1/17/2019,12:36,Ewallet,4.9
631-34-1880,Naypyitaw,Member,Male,Food and beverages,24.31,3,1/8/2019,19:09,Credit card,4.3
852-82-2749,Yangon,Normal,Male,Sports and travel,64.59,4,1/6/2019,13:35,Ewallet,9.3
873-14-6353,Yangon,Member,Male,Food and beverages,24.82,7,2/16/2019,10:33,Credit card,7.1
584-66-4073,Naypyitaw,Normal,Male,Fashion accessories,56.5,1,3/13/2019,15:45,Ewallet,9.6
544-55-9589,Mandalay,Member,Female,Electronic accessories,21.43,10,1/28/2019,11:51,Cash,6.2
166-19-2553,Yangon,Member,Male,Sports and travel,89.06,6,1/18/2019,17:26,Cash,9.9
737-88-5876,Yangon,Member,Male,Home and lifestyle,23.29,4,3/19/2019,11:52,Credit card,5.9
154-87-7367,Naypyitaw,Normal,Male,Home and lifestyle,65.26,8,3/15/2019,14:04,Ewallet,6.3
885-56-0389,Naypyitaw,Member,Male,Fashion accessories,52.35,1,2/12/2019,17:49,Cash,4
608-05-3804,Mandalay,Member,Male,Electronic accessories,39.75,1,2/25/2019,20:19,Cash,6.1
448-61-3783,Yangon,Normal,Female,Electronic accessories,90.02,8,3/21/2019,16:08,Credit card,4.5
761-49-0439,Mandalay,Member,Female,Electronic accessories,12.1,8,1/19/2019,10:17,Ewallet,8.6
490-95-0021,Mandalay,Member,Female,Food and beverages,33.21,10,1/8/2019,14:25,Ewallet,6
115-38-7388,Naypyitaw,Member,Female,Fashion accessories,10.18,8,3/30/2019,12:51,Credit card,9.5
311-13-6971,Mandalay,Member,Male,Sports and travel,31.99,10,2/20/2019,15:18,Credit card,9.9
291-55-6563,Yangon,Member,Female,Home and lifestyle,34.42,6,3/30/2019,12:45,Ewallet,7.5
548-48-3156,Yangon,Member,Female,Food and beverages,83.34,2,3/19/2019,13:37,Cash,7.6
460-93-5834,Yangon,Normal,Male,Sports and travel,45.58,7,1/13/2019,10:03,Cash,5
325-89-4209,Yangon,Member,Male,Food and beverages,87.9,1,2/5/2019,19:42,Ewallet,6.7
884-80-6021,Yangon,Member,Female,Electronic accessories,73.47,10,3/23/2019,13:14,Ewallet,9.5
137-74-8729,Naypyitaw,Normal,Female,Fashion accessories,12.19,8,3/13/2019,12:47,Ewallet,6.8
880-46-5796,Yangon,Member,Male,Sports and travel,76.92,10,3/17/2019,19:53,Ewallet,5.6
389-70-2397,Naypyitaw,Normal,Female,Health and beauty,83.66,5,2/21/2019,10:26,Cash,7.2
114-35-5271,Mandalay,Normal,Female,Electronic accessories,57.91,8,2/7/2019,15:06,Cash,8.1
607-76-6216,Naypyitaw,Member,Female,Fashion accessories,92.49,5,3/2/2019,16:35,Credit card,8.6
715-20-1673,Mandalay,Normal,Male,Electronic accessories,28.38,5,3/6/2019,20:57,Cash,9.4
811-35-1094,Mandalay,Member,Male,Electronic accessories,50.45,6,2/6/2019,15:16,Credit card,8.9
699-88-1972,Mandalay,Normal,Male,Health and beauty,99.16,8,1/28/2019,17:47,Credit card,4.2
781-84-8059,Naypyitaw,Normal,Male,Fashion accessories,60.74,7,1/18/2019,16:23,Ewallet,5
409-49-6995,Naypyitaw,Member,Female,Food and beverages,47.27,6,2/5/2019,10:17,Cash,8.8
725-54-0677,Naypyitaw,Member,Male,Health and beauty,85.6,7,3/2/2019,13:50,Cash,5.3
146-09-5432,Yangon,Member,Male,Food and beverages,35.04,9,2/9/2019,19:17,Ewallet,4.6
377-79-7592,Naypyitaw,Member,Female,Electronic accessories,44.84,9,1/14/2019,14:00,Credit card,7.5
509-10-0516,Mandalay,Normal,Male,Home and lifestyle,45.97,4,2/9/2019,12:02,Ewallet,5.1
595-94-9924,Yangon,Member,Female,Health and beauty,27.73,5,3/26/2019,20:21,Credit card,4.2
865-41-9075,Yangon,Normal,Male,Food and beverages,11.53,7,1/28/2019,17:35,Cash,8.1
545-07-8534,Naypyitaw,Normal,Female,Health and beauty,58.32,2,2/14/2019,12:42,Ewallet,6
118-62-1812,Naypyitaw,Member,Female,Home and lifestyle,78.38,4,3/24/2019,17:56,Cash,7.9
450-42-3339,Naypyitaw,Normal,Male,Health and beauty,84.61,10,2/9/2019,18:58,Credit card,8.8
851-98-3555,Mandalay,Normal,Female,Health and beauty,82.88,5,3/24/2019,14:08,Credit card,6.6
186-71-5196,Yangon,Member,Female,Food and beverages,79.54,2,3/27/2019,16:30,Ewallet,6.2
624-01-8356,Mandalay,Normal,Female,Home and lifestyle,49.01,10,1/27/2019,10:44,Credit card,4.2
313-66-9943,Mandalay,Member,Female,Food and beverages,29.15,3,3/27/2019,20:29,Credit card,7.3
151-27-8496,Naypyitaw,Normal,Female,Electronic accessories,56.13,4,1/19/2019,11:43,Ewallet,8.6
453-33-6436,Yangon,Normal,Female,Home and lifestyle,93.12,8,2/7/2019,10:09,Cash,6.8
522-57-8364,Yangon,Member,Male,Fashion accessories,51.34,8,1/31/2019,10:00,Ewallet,7.6
459-45-2396,Yangon,Member,Female,Food and beverages,99.6,3,2/25/2019,18:45,Cash,5.8
717-96-4189,Naypyitaw,Normal,Female,Electronic accessories,35.49,6,2/2/2019,12:40,Cash,4.1
722-13-2115,Naypyitaw,Member,Male,Sports and travel,42.85,1,3/14/2019,15:36,Credit card,9.3
749-81-8133,Yangon,Normal,Female,Fashion accessories,94.67,4,3/11/2019,12:04,Cash,6.8
777-67-2495,Mandalay,Normal,Male,Home and lifestyle,68.97,3,2/22/2019,11:26,Ewallet,8.7
636-98-3364,Mandalay,Member,Female,Electronic accessories,26.26,3,3/2/2019,12:36,Ewallet,6.3
246-55-6923,Naypyitaw,Member,Female,Home and lifestyle,35.79,9,3/10/2019,15:06,Credit card,5.1
181-82-6255,Mandalay,Normal,Female,Home and lifestyle,16.37,6,2/8/2019,10:58,Cash,7
838-02-1821,Naypyitaw,Member,Female,Home and lifestyle,12.73,2,2/22/2019,12:10,Credit card,5.2
887-42-0517,Naypyitaw,Normal,Female,Sports and travel,83.14,7,1/10/2019,10:31,Credit card,6.6
457-12-0244,Naypyitaw,Member,Female,Sports and travel,35.22,6,3/14/2019,13:49,Ewallet,6.5
226-34-0034,Mandalay,Normal,Female,Electronic accessories,13.78,4,1/10/2019,11:10,Ewallet,9
321-49-7382,Mandalay,Member,Male,Sports and travel,88.31,1,2/15/2019,17:38,Credit card,5.2
397-25-8725,Yangon,Member,Female,Health and beauty,39.62,9,1/13/2019,17:54,Credit card,6.8
431-66-2305,Mandalay,Normal,Female,Electronic accessories,88.25,9,2/15/2019,20:51,Credit card,7.6
825-94-5922,Mandalay,Normal,Male,Sports and travel,25.31,2,3/2/2019,19:26,Ewallet,7.2
641-62-7288,Mandalay,Normal,Male,Home and lifestyle,99.92,6,3/24/2019,13:33,Ewallet,7.1
756-93-1854,Naypyitaw,Member,Female,Fashion accessories,83.35,2,2/2/2019,14:05,Credit card,9.5
243-55-8457,Yangon,Normal,Female,Food and beverages,74.44,10,2/27/2019,11:40,Ewallet,5.1
458-10-8612,Naypyitaw,Normal,Male,Health and beauty,64.08,7,1/20/2019,12:27,Ewallet,7.6
501-61-1753,Mandalay,Normal,Female,Home and lifestyle,63.15,6,1/3/2019,20:24,Ewallet,9.8
235-06-8510,Naypyitaw,Member,Male,Home and lifestyle,85.72,3,1/24/2019,20:59,Ewallet,5.1
433-08-7822,Naypyitaw,Normal,Female,Health and beauty,78.89,7,1/5/2019,19:48,Ewallet,7.5
361-85-2571,Yangon,Normal,Female,Sports and travel,89.48,5,3/30/2019,10:18,Cash,7.4
131-70-8179,Yangon,Member,Female,Health and beauty,92.09,3,2/17/2019,16:27,Cash,4.2
500-02-2261,Naypyitaw,Normal,Female,Food and beverages,57.29,6,3/21/2019,17:04,Ewallet,5.9
720-72-2436,Yangon,Normal,Male,Food and beverages,66.52,4,3/2/2019,18:14,Ewallet,6.9
702-83-5291,Naypyitaw,Member,Male,Fashion accessories,99.82,9,3/27/2019,10:43,Cash,6.6
809-69-9497,Yangon,Normal,Female,Home and lifestyle,45.68,10,1/19/2019,19:30,Ewallet,5.7
449-16-6770,Yangon,Normal,Male,Health and beauty,50.79,5,2/19/2019,14:53,Credit card,5.3
333-23-2632,Yangon,Member,Male,Health and beauty,10.08,7,3/28/2019,20:14,Cash,4.2
489-82-1237,Yangon,Normal,Female,Electronic accessories,93.88,7,1/5/2019,11:51,Credit card,7.3
859-97-6048,Naypyitaw,Member,Male,Electronic accessories,84.25,2,3/26/2019,14:13,Credit card,5.3
676-10-2200,Mandalay,Member,Male,Fashion accessories,53.78,1,2/3/2019,20:13,Ewallet,4.7
373-88-1424,Naypyitaw,Member,Male,Home and lifestyle,35.81,5,2/6/2019,18:44,Ewallet,7.9
365-16-4334,Mandalay,Normal,Female,Food and beverages,26.43,8,2/24/2019,14:26,Ewallet,8.9
503-21-4385,Mandalay,Member,Male,Health and beauty,39.91,3,2/21/2019,12:40,Ewallet,9.3
305-89-2768,Mandalay,Member,Female,Home and lifestyle,21.9,3,1/9/2019,18:43,Ewallet,4.7
574-80-1489,Mandalay,Member,Female,Food and beverages,62.85,4,2/25/2019,13:22,Ewallet,8.7
784-08-0310,Naypyitaw,Member,Female,Food and beverages,21.04,4,1/13/2019,13:58,Cash,7.6
200-40-6154,Mandalay,Member,Male,Home and lifestyle,65.91,6,2/9/2019,11:45,Cash,5.7
846-10-0341,Yangon,Normal,Female,Fashion accessories,42.57,7,1/6/2019,11:51,Cash,6.8
577-34-7579,Naypyitaw,Member,Male,Food and beverages,50.49,9,1/10/2019,17:16,Cash,5.4
430-02-3888,Mandalay,Normal,Male,Electronic accessories,46.02,6,2/7/2019,15:55,Cash,7.1
867-47-1948,Naypyitaw,Normal,Female,Home and lifestyle,15.8,10,1/9/2019,12:07,Cash,7.8
384-59-6655,Yangon,Member,Female,Food and beverages,98.66,9,2/19/2019,15:07,Cash,8.4
256-58-3609,Naypyitaw,Member,Male,Fashion accessories,91.98,1,3/18/2019,15:29,Cash,9.8
324-92-3863,Yangon,Member,Male,Electronic accessories,20.89,2,2/5/2019,18:45,Cash,9.8
593-08-5916,Yangon,Normal,Female,Fashion accessories,15.5,1,3/19/2019,15:23,Credit card,7.4
364-34-2972,Naypyitaw,Member,Male,Electronic accessories,96.82,3,3/30/2019,20:37,Cash,6.7
794-42-3736,Mandalay,Normal,Male,Food and beverages,33.33,2,1/26/2019,14:41,Credit card,6.4
172-42-8274,Mandalay,Normal,Female,Electronic accessories,38.27,2,3/2/2019,18:18,Credit card,5.8
558-60-5016,Yangon,Normal,Female,Home and lifestyle,33.3,9,3/4/2019,15:27,Ewallet,7.2
195-06-0432,Yangon,Member,Male,Home and lifestyle,81.01,3,1/13/2019,12:55,Credit card,9.3
605-03-2706,Yangon,Normal,Female,Health and beauty,15.8,3,3/25/2019,18:02,Cash,9.5
214-30-2776,Mandalay,Member,Female,Electronic accessories,34.49,5,3/11/2019,19:44,Credit card,9
746-04-1077,Mandalay,Member,Female,Food and beverages,84.63,10,1/1/2019,11:36,Credit card,9
448-34-8700,Mandalay,Member,Male,Home and lifestyle,36.91,7,2/10/2019,13:51,Ewallet,6.7
452-04-8808,Mandalay,Normal,Male,Electronic accessories,87.08,7,1/26/2019,15:17,Cash,5.5
531-56-4728,Yangon,Normal,Male,Home and lifestyle,80.08,3,2/11/2019,15:29,Cash,5.4
744-82-9138,Naypyitaw,Normal,Male,Fashion accessories,86.13,2,2/7/2019,17:59,Cash,8.2
883-69-1285,Mandalay,Member,Male,Fashion accessories,49.92,2,3/6/2019,11:55,Credit card,7
221-25-5073,Yangon,Normal,Female,Food and beverages,74.66,4,3/4/2019,10:39,Cash,8.5
518-71-6847,Mandalay,Member,Male,Food and beverages,26.6,6,2/26/2019,15:10,Ewallet,4.9
156-20-0370,Mandalay,Normal,Female,Electronic accessories,25.45,1,3/10/2019,18:10,Credit card,5.1
151-33-7434,Mandalay,Normal,Female,Food and beverages,67.77,1,2/4/2019,20:43,Credit card,6.5
728-47-9078,Naypyitaw,Member,Male,Food and beverages,59.59,4,1/19/2019,12:46,Cash,9.8
809-46-1866,Yangon,Normal,Male,Health and beauty,58.15,4,1/23/2019,17:44,Cash,8.4
139-32-4183,Yangon,Member,Female,Sports and travel,97.48,9,3/14/2019,14:19,Ewallet,7.4
148-41-7930,Naypyitaw,Normal,Male,Health and beauty,99.96,7,1/23/2019,10:33,Cash,6.1
189-40-5216,Naypyitaw,Normal,Male,Electronic accessories,96.37,7,1/9/2019,11:40,Cash,6
374-38-5555,Mandalay,Normal,Female,Fashion accessories,63.71,5,2/7/2019,19:30,Ewallet,8.5
764-44-8999,Mandalay,Normal,Female,Health and beauty,14.76,2,2/18/2019,14:42,Ewallet,4.3
552-44-5977,Mandalay,Member,Male,Health and beauty,62,8,1/3/2019,19:08,Credit card,6.2
267-62-7380,Naypyitaw,Member,Male,Electronic accessories,82.34,10,3/29/2019,19:12,Ewallet,4.3
430-53-4718,Mandalay,Member,Male,Health and beauty,75.37,8,1/28/2019,15:46,Credit card,8.4
886-18-2897,Yangon,Normal,Female,Food and beverages,56.56,5,3/22/2019,19:06,Credit card,4.5
602-16-6955,Mandalay,Normal,Female,Sports and travel,76.6,10,1/24/2019,18:10,Ewallet,6
745-74-0715,Yangon,Normal,Male,Electronic accessories,58.03,2,3/10/2019,20:46,Ewallet,8.8
690-01-6631,Mandalay,Normal,Male,Fashion accessories,17.49,10,2/22/2019,18:35,Ewallet,6.6
652-49-6720,Naypyitaw,Member,Female,Electronic accessories,60.95,1,2/18/2019,11:40,Ewallet,5.9
233-67-5758,Naypyitaw,Normal,Male,Health and beauty,40.35,1,1/29/2019,13:46,Ewallet,6.2
303-96-2227,Mandalay,Normal,Female,Home and lifestyle,97.38,10,3/2/2019,17:16,Ewallet,4.4
727-02-1313,Yangon,Member,Male,Food and beverages,31.84,1,2/9/2019,13:22,Cash,7.7
347-56-2442,Yangon,Normal,Male,Home and lifestyle,65.82,1,2/22/2019,15:33,Cash,4.1
849-09-3807,Yangon,Member,Female,Fashion accessories,88.34,7,2/18/2019,13:28,Cash,6.6
